empire_name,age,territory_size,economy,stability
AI Empire Money Rewards,3,2,355,2.5
AI Empire Territory Rewards,3,1,355,2.5
AI Empire,3,4,358,2.5
Empire 16,3,2,358,2.5
Empire 15,3,1,355,2.5
Empire 14,3,1,355,2.5
Empire 13,3,4,360,2.5
Empire 12,3,2,358,2.5
Empire 11,3,1,355,2.5
Empire 10,3,2,355,2.5
Empire 9,3,3,361,2.5
Empire 8,3,3,361,2.5
Empire 7,3,1,355,2.5
Empire 6,3,3,361,2.5
Empire 5,3,1,355,2.5
Empire 4,3,1,355,2.5
Empire 3,3,2,358,2.5
Empire 2,3,2,355,2.5
Empire 1,3,4,361,2.5
AI Empire Money Rewards,2,1,270,2.0
AI Empire Territory Rewards,2,1,270,2.0
AI Empire,2,2,270,2.0
Empire 16,2,2,270,2.0
Empire 15,2,1,270,2.0
Empire 14,2,1,270,2.0
Empire 13,2,3,270,2.0
Empire 12,2,2,270,2.0
Empire 11,2,1,270,2.0
Empire 10,2,1,270,2.0
Empire 9,2,2,273,2.0
Empire 8,2,2,273,2.0
Empire 7,2,1,270,2.0
Empire 6,2,2,273,2.0
Empire 5,2,1,270,2.0
Empire 4,2,1,270,2.0
Empire 3,2,2,270,2.0
Empire 2,2,1,270,2.0
Empire 1,2,2,273,2.0
AI Empire Money Rewards,1,1,185,1.5
AI Empire Territory Rewards,1,1,185,1.5
AI Empire,1,1,185,1.5
Empire 16,1,1,185,1.5
Empire 15,1,1,185,1.5
Empire 14,1,1,185,1.5
Empire 13,1,1,185,1.5
Empire 12,1,1,185,1.5
Empire 11,1,1,185,1.5
Empire 10,1,1,185,1.5
Empire 9,1,2,185,1.5
Empire 8,1,2,185,1.5
Empire 7,1,1,185,1.5
Empire 6,1,2,185,1.5
Empire 5,1,1,185,1.5
Empire 4,1,1,185,1.5
Empire 3,1,1,185,1.5
Empire 2,1,1,185,1.5
Empire 1,1,2,185,1.5
Empire 5,2,2,270,2.0
Empire 4,2,2,273,2.0
Empire 3,2,1,270,2.0
Empire 2,2,3,270,2.0
Empire 1,2,1,270,2.0
AI Empire Territory Rewards,1,1,185,1.5
AI Empire Territory Rewards,1,1,185,1.5
AI Empire,1,1,185,1.5
Empire 16,1,2,185,1.5
Empire 15,1,1,185,1.5
Empire 14,1,1,185,1.5
Empire 13,1,1,185,1.5
Empire 12,1,1,185,1.5
Empire 11,1,1,185,1.5
Empire 10,1,3,185,1.5
Empire 9,1,3,185,1.5
Empire 8,1,1,185,1.5
Empire 7,1,1,185,1.5
Empire 6,1,2,185,1.5
Empire 5,1,1,185,1.5
Empire 4,1,2,185,1.5
Empire 3,1,1,185,1.5
Empire 2,1,1,185,1.5
Empire 1,1,1,185,1.5
Empire 1,1,1,185,1.5
Empire 7,4,2,449,3.0
Empire 12,3,2,355,2.5
Empire 13,3,2,358,2.5
Empire 10,4,2,440,3.0
Empire 14,3,1,355,2.5
Empire 3,4,6,451,3.0
Empire 2,4,3,451,3.0
Empire 9,3,3,358,2.5
Empire 8,3,1,355,2.5
Empire 15,2,2,270,2.0
Empire 4,3,4,360,2.5
Empire 16,2,2,273,2.0
Empire 1,3,2,358,2.5
Empire 6,3,1,355,2.5
Empire 5,3,4,358,2.5
AI Empire,2,2,270,2.0
Empire 11,2,1,270,2.0
Empire 7,3,2,361,2.5
Empire 12,2,1,270,2.0
Empire 13,2,2,270,2.0
Empire 10,3,1,355,2.5
Empire 14,2,1,270,2.0
Empire 3,3,3,361,2.5
Empire 2,3,3,361,2.5
Empire 10,2,1,270,2.0
Empire 9,2,2,270,2.0
Empire 8,2,1,270,2.0
Empire 7,2,2,273,2.0
Empire 6,2,1,270,2.0
Empire 5,2,2,270,2.0
Empire 4,2,3,270,2.0
Empire 3,2,2,273,2.0
Empire 2,2,2,273,2.0
Empire 1,2,2,270,2.0
AI Empire,1,1,185,1.5
Empire 16,1,2,185,1.5
Empire 15,1,1,185,1.5
Empire 14,1,1,185,1.5
Empire 13,1,1,185,1.5
Empire 12,1,1,185,1.5
Empire 11,1,1,185,1.5
Empire 10,1,1,185,1.5
Empire 9,1,1,185,1.5
Empire 8,1,1,185,1.5
Empire 7,1,2,185,1.5
Empire 6,1,1,185,1.5
Empire 5,1,1,185,1.5
Empire 4,1,1,185,1.5
Empire 3,1,2,185,1.5
Empire 2,1,2,185,1.5
Empire 1,1,1,185,1.5
Empire 5,5,8,555,3.5
Empire 14,4,7,476,3.0
Empire 7,4,1,440,3.0
AI Empire,3,4,358,2.5
Empire 6,4,3,448,3.0
Empire 13,3,2,355,2.5
Empire 11,3,6,363,2.5
Empire 15,3,4,358,2.5
Empire 4,4,5,451,3.0
Empire 1,4,1,440,3.0
Empire 8,4,5,453,3.0
Empire 3,4,4,446,3.0
Empire 10,3,5,363,2.5
Empire 16,3,1,355,2.5
Empire 12,3,3,361,2.5
Empire 2,4,2,449,3.0
Empire 9,3,3,363,2.5
Empire 5,4,7,455,3.0
Empire 14,3,7,376,2.5
Empire 7,3,1,355,2.5
AI Empire,2,2,270,2.0
Empire 6,3,3,358,2.5
Empire 13,2,1,270,2.0
Empire 11,2,3,273,2.0
Empire 15,2,2,270,2.0
Empire 4,3,3,361,2.5
Empire 1,3,1,355,2.5
Empire 8,3,5,358,2.5
Empire 3,3,2,358,2.5
Empire 10,2,3,273,2.0
Empire 16,2,1,270,2.0
Empire 12,2,2,273,2.0
Empire 2,3,2,361,2.5
Empire 9,2,3,273,2.0
Empire 5,3,5,360,2.5
Empire 14,2,6,278,2.0
Empire 8,2,2,270,2.0
Empire 7,2,1,270,2.0
Empire 6,2,2,270,2.0
Empire 5,2,3,270,2.0
Empire 4,2,2,273,2.0
Empire 3,2,2,270,2.0
Empire 2,2,2,273,2.0
Empire 1,2,1,270,2.0
AI Empire,1,1,185,1.5
Empire 16,1,1,185,1.5
Empire 15,1,1,185,1.5
Empire 14,1,4,185,1.5
Empire 13,1,1,185,1.5
Empire 12,1,2,185,1.5
Empire 11,1,2,185,1.5
Empire 10,1,2,185,1.5
Empire 9,1,2,185,1.5
Empire 8,1,1,185,1.5
Empire 7,1,1,185,1.5
Empire 6,1,1,185,1.5
Empire 5,1,1,185,1.5
Empire 4,1,2,185,1.5
Empire 3,1,1,185,1.5
Empire 2,1,2,185,1.5
Empire 1,1,1,185,1.5
Empire 2,1,1,185,1.5
Empire 1,1,1,185,1.5
Empire 25,6,1,610,4.0
Empire 1,17,16,1800,5.0
Empire 23,6,2,616,4.0
Empire 16,16,24,1743,5.0
Empire 5,15,24,1567,5.0
Empire 29,6,125,1719,0.0
Empire 24,6,4,640,4.0
Empire 18,7,2,713,4.5
Empire 13,10,15,1079,5.0
Empire 4,17,19,1775,5.0
Empire 15,14,6,1116,5.0
Empire 28,6,52,1166,1.8399999999999999
Empire 28,5,48,977,1.8199999999999998
AI Empire,26,430,2450,5.0
AI Empire,25,430,2100,5.0
Empire 5,14,20,1434,5.0
Empire 27,5,7,565,3.5
Empire 16,15,23,1603,5.0
Empire 29,5,118,1412,0.0
Empire 15,13,6,1067,5.0
Empire 2,16,30,1829,5.0
Empire 24,5,4,547,3.5
Empire 4,16,18,1647,5.0
Empire 23,5,2,528,3.5
Empire 28,4,45,794,1.7399999999999998
Empire 26,6,4,629,4.0
AI Empire,24,430,1750,5.0
Empire 13,9,11,969,5.0
Empire 15,12,6,1018,5.0
Empire 23,4,2,440,3.0
Empire 26,5,4,536,3.5
Empire 25,5,1,525,3.5
Empire 1,16,15,1680,5.0
Empire 28,3,43,614,1.6199999999999999
Empire 2,15,24,1687,5.0
Empire 29,4,106,1124,0.0
Empire 30,3,36,505,1.8599999999999999
Empire 18,6,2,625,4.0
Empire 16,14,20,1470,5.0
Empire 5,13,17,1309,5.0
Empire 24,4,4,454,3.0
Empire 4,15,18,1519,5.0
Empire 27,4,5,470,3.0
Empire 19,7,0,695,4.5
Empire 13,8,10,861,5.0
Empire 15,11,6,969,5.0
Empire 23,3,1,355,2.5
Empire 26,4,4,443,3.0
Empire 25,4,1,440,3.0
Empire 1,15,14,1562,5.0
AI Empire,23,430,1400,5.0
Empire 26,3,2,355,2.5
Empire 23,2,1,270,2.0
Empire 25,3,1,355,2.5
Empire 4,14,17,1394,5.0
Empire 2,14,20,1554,5.0
Empire 27,3,5,375,2.5
Empire 29,3,94,856,0.0
Empire 1,14,13,1447,5.0
Empire 30,2,35,424,1.5999999999999999
Empire 28,2,40,440,1.44
Empire 5,12,12,1196,5.0
Empire 16,13,18,1342,5.0
Empire 18,5,2,537,3.5
Empire 19,6,1,610,4.0
AI Empire,22,430,1050,5.0
Empire 23,1,1,185,1.5
Empire 24,3,4,361,2.5
Empire 18,4,2,449,3.0
Empire 26,2,1,270,2.0
Empire 27,2,5,280,2.0
Empire 29,2,91,592,0.0
Empire 2,13,19,1424,5.0
Empire 15,10,6,920,5.0
Empire 28,1,38,270,1.22
Empire 16,12,14,1224,5.0
Empire 25,2,1,270,2.0
Empire 4,13,15,1274,5.0
Empire 30,1,35,260,1.3199999999999998
Empire 19,5,1,525,3.5
Empire 5,11,11,1086,5.0
Empire 1,13,12,1334,5.0
AI Empire,21,430,700,5.0
Empire 27,1,3,190,1.5
Empire 19,4,1,440,3.0
Empire 15,9,6,871,5.0
Empire 5,10,10,978,5.0
Empire 16,11,12,1111,5.0
Empire 18,3,2,361,2.5
Empire 29,1,84,340,0.5
Empire 24,2,2,273,2.0
Empire 2,12,18,1296,5.0
Empire 25,1,1,185,1.5
Empire 26,1,1,185,1.5
AI Empire,20,430,350,5.0
Empire 5,9,7,878,5.0
Empire 4,12,14,1156,5.0
Empire 1,12,11,1224,5.0
Empire 24,1,2,185,1.5
AI Empire,19,430,0,5.0
Empire 5,8,5,783,5.0
Empire 9,14,44,1630,5.0
AI Empire,18,412,4983,5.0
Empire 15,8,6,822,5.0
Empire 22,2,26,386,1.96
Empire 18,2,2,273,2.0
Empire 2,11,15,1176,5.0
Empire 9,13,38,1460,5.0
Empire 16,10,9,1006,5.0
Empire 13,7,10,753,4.5
Empire 1,11,10,1116,5.0
Empire 19,3,1,355,2.5
AI Empire,17,412,4301,5.0
Empire 9,12,30,1306,5.0
Empire 8,11,23,1211,5.0
Empire 21,1,27,248,1.44
Empire 19,2,1,270,2.0
Empire 1,10,7,1016,5.0
Empire 16,9,7,906,5.0
AI Empire,16,412,3619,5.0
Empire 9,11,25,1162,5.0
Empire 18,1,2,185,1.5
Empire 22,1,26,240,1.5
Empire 2,10,11,1066,5.0
Empire 3,8,5,829,5.0
Empire 1,9,6,918,5.0
Empire 19,1,1,185,1.5
Empire 4,11,9,1051,5.0
Empire 5,7,2,695,4.5
Empire 7,8,2,789,5.0
Empire 8,10,20,1078,5.0
Empire 6,10,6,1036,5.0
AI Empire,15,412,2937,5.0
Empire 12,11,5,1090,5.0
Empire 9,10,18,1034,5.0
Empire 20,1,1,185,1.5
Empire 8,9,13,963,5.0
AI Empire,14,412,2255,5.0
Empire 9,9,11,924,5.0
Empire 15,7,6,724,4.5
Empire 11,10,23,1161,5.0
Empire 12,10,5,995,5.0
Empire 4,10,4,958,5.0
Empire 3,7,5,734,4.5
Empire 6,9,6,938,5.0
Empire 2,9,9,961,5.0
Empire 16,8,6,808,5.0
Empire 13,6,8,650,4.0
Empire 1,8,6,820,5.0
AI Empire,13,412,4478,5.0
Empire 2,8,8,858,5.0
Empire 8,8,12,850,5.0
Empire 4,9,3,868,5.0
Empire 16,7,4,715,4.5
Empire 12,9,5,900,5.0
Empire 14,9,26,1035,5.0
Empire 6,8,6,840,5.0
AI Empire,12,412,3796,5.0
AI Empire,11,412,3114,5.0
Empire 11,9,21,1026,5.0
AI Empire,10,412,2432,5.0
Empire 7,7,2,701,4.5
Empire 11,8,14,908,5.0
Empire 4,8,2,780,5.0
Empire 9,8,9,819,5.0
Empire 15,6,4,631,4.0
Empire 10,6,0,610,4.0
AI Empire,9,411,2188,5.0
Empire 4,7,1,695,4.5
Empire 9,7,8,716,4.5
Empire 12,8,5,805,5.0
Empire 10,5,1,525,3.5
Empire 11,7,14,790,4.5
Empire 3,6,5,639,4.0
Empire 16,6,3,625,4.0
Empire 14,8,20,902,5.0
Empire 6,7,6,742,4.5
Empire 13,5,6,552,3.5
Empire 7,6,2,613,4.0
Empire 2,7,7,758,4.5
AI Empire,8,411,1507,5.0
Empire 4,6,1,610,4.0
Empire 12,7,5,710,4.5
Empire 1,7,6,722,4.5
Empire 5,6,1,610,4.0
Empire 9,6,6,618,4.0
Empire 6,6,6,644,4.0
Empire 8,7,10,742,4.5
Empire 14,7,16,779,4.5
Empire 11,6,12,677,4.0
Empire 2,6,6,660,4.0
AI Empire,7,345,899,5.0
Empire 11,5,11,567,3.5
Empire 15,5,3,541,3.5
Empire 2,5,6,562,3.5
Empire 12,6,5,615,4.0
Empire 7,5,2,525,3.5
Empire 16,5,2,537,3.5
Empire 9,5,3,528,3.5
Empire 1,6,5,627,4.0
Empire 4,5,1,525,3.5
Empire 5,5,1,525,3.5
Empire 14,6,14,661,4.0
Empire 8,6,8,639,4.0
Empire 6,5,6,546,3.5
Empire 3,5,5,544,3.5
AI Empire,6,107,610,5.099999999999996
Empire 8,5,6,541,3.5
Empire 12,5,3,525,3.5
Empire 1,5,3,537,3.5
AI Empire,5,1,525,3.6
Empire 14,5,11,551,3.5
Empire 4,4,1,440,3.0
Empire 7,4,1,440,3.0
Empire 16,4,2,449,3.0
Empire 10,4,1,440,3.0
Empire 6,4,5,451,3.0
Empire 13,4,6,454,3.0
Empire 11,4,8,464,3.0
Empire 15,4,3,451,3.0
Empire 1,4,2,449,3.0
Empire 9,4,2,440,3.0
Empire 8,4,4,448,3.0
Empire 12,4,1,440,3.0
Empire 2,4,6,464,3.0
Empire 5,4,1,440,3.0
Empire 3,4,4,451,3.0
AI Empire,4,1,440,3.1
Empire 14,4,7,451,3.0
AI Empire,3,1,355,2.6
Empire 16,3,2,361,2.5
Empire 15,3,3,361,2.5
Empire 14,3,4,358,2.5
Empire 13,3,4,361,2.5
Empire 12,3,1,355,2.5
Empire 11,3,6,366,2.5
Empire 10,3,1,355,2.5
Empire 9,3,1,355,2.5
Empire 8,3,3,358,2.5
Empire 7,3,1,355,2.5
Empire 6,3,4,358,2.5
Empire 5,3,1,355,2.5
Empire 4,3,1,355,2.5
Empire 3,3,3,361,2.5
Empire 2,3,6,366,2.5
Empire 1,3,2,361,2.5
AI Empire,2,1,270,2.1
Empire 16,2,2,273,2.0
Empire 15,2,2,273,2.0
Empire 14,2,2,270,2.0
Empire 13,2,2,273,2.0
Empire 12,2,1,270,2.0
Empire 11,2,4,273,2.0
Empire 10,2,1,270,2.0
Empire 9,2,1,270,2.0
Empire 8,2,2,270,2.0
Empire 7,2,1,270,2.0
Empire 6,2,2,270,2.0
Empire 5,2,1,270,2.0
Empire 4,2,1,270,2.0
Empire 3,2,2,273,2.0
Empire 2,2,4,273,2.0
Empire 1,2,2,273,2.0
AI Empire,1,1,185,1.5
Empire 16,1,2,185,1.5
Empire 15,1,2,185,1.5
Empire 14,1,1,185,1.5
Empire 13,1,2,185,1.5
Empire 12,1,1,185,1.5
Empire 11,1,2,185,1.5
Empire 10,1,1,185,1.5
Empire 9,1,1,185,1.5
Empire 8,1,1,185,1.5
Empire 7,1,1,185,1.5
Empire 6,1,1,185,1.5
Empire 5,1,1,185,1.5
Empire 4,1,1,185,1.5
Empire 3,1,2,185,1.5
Empire 2,1,2,185,1.5
Empire 1,1,2,185,1.5
Empire 9,12,13,1334,5.0
Empire 12,16,7,1630,5.0
Empire 11,13,2,1238,5.0
Empire 7,16,0,1428,5.0
Empire 15,12,3,1161,5.0
AI Empire,19,907,7304,5.0
Empire 5,12,11,1316,5.0
Empire 3,13,7,1347,5.0
Empire 7,15,0,1345,5.0
Empire 2,13,5,1295,5.0
Empire 8,12,5,1218,5.0
Empire 16,13,4,1278,5.0
Empire 13,10,14,1052,5.0
Empire 10,13,7,1238,5.0
AI Empire,18,907,6554,5.0
Empire 5,11,11,1206,5.0
Empire 13,9,9,947,5.0
Empire 3,12,7,1247,5.0
Empire 11,12,2,1150,5.0
Empire 6,9,3,896,5.0
Empire 1,11,11,1211,5.0
Empire 2,12,5,1200,5.0
Empire 12,15,7,1530,5.0
Empire 4,11,9,1119,5.0
Empire 8,11,5,1123,5.0
Empire 15,11,3,1071,5.0
Empire 7,14,0,1262,5.0
Empire 10,12,5,1143,5.0
Empire 16,12,4,1185,5.0
AI Empire,17,895,8117,5.0
Empire 11,11,2,1062,5.0
Empire 3,11,7,1147,5.0
Empire 16,11,4,1092,5.0
Empire 9,11,13,1219,5.0
Empire 12,14,7,1430,5.0
Empire 4,10,7,1019,5.0
Empire 10,11,3,1053,5.0
Empire 2,11,5,1105,5.0
Empire 13,8,9,842,5.0
Empire 6,8,3,806,5.0
Empire 15,10,3,981,5.0
Empire 7,13,0,1179,5.0
Empire 8,10,5,1028,5.0
Empire 5,10,11,1096,5.0
AI Empire,16,895,7367,5.0
Empire 6,7,3,716,4.5
Empire 2,10,5,1010,5.0
Empire 12,13,7,1330,5.0
AI Empire,15,895,6617,5.0
AI Empire,14,895,5867,5.0
Empire 13,7,8,739,4.5
Empire 9,10,12,1106,5.0
Empire 11,10,2,974,5.0
Empire 8,9,5,933,5.0
Empire 7,12,0,1096,5.0
Empire 6,6,3,626,4.0
Empire 12,12,7,1230,5.0
Empire 3,10,7,1047,5.0
Empire 10,10,3,963,5.0
Empire 2,9,5,915,5.0
Empire 4,9,7,919,5.0
Empire 1,10,11,1101,5.0
Empire 5,9,11,986,5.0
Empire 16,10,4,999,5.0
Empire 15,9,3,891,5.0
AI Empire,13,895,5117,5.0
Empire 5,8,11,876,5.0
Empire 16,9,4,906,5.0
Empire 11,9,2,886,5.0
Empire 7,11,0,1013,5.0
Empire 15,8,3,801,5.0
Empire 10,9,3,873,5.0
Empire 4,8,6,821,5.0
Empire 12,11,7,1130,5.0
Empire 8,8,5,838,5.0
Empire 9,9,12,993,5.0
Empire 1,9,11,991,5.0
Empire 13,6,8,636,4.0
Empire 2,8,5,820,5.0
AI Empire,12,895,4367,5.0
Empire 1,8,11,881,5.0
Empire 12,10,7,1030,5.0
AI Empire,11,895,3617,5.0
Empire 16,8,4,813,5.0
Empire 3,9,7,947,5.0
Empire 12,9,7,930,5.0
Empire 8,7,5,743,4.5
Empire 15,7,3,711,4.5
Empire 4,7,5,726,4.5
AI Empire,10,895,2867,5.0
Empire 7,10,0,930,5.0
Empire 15,6,3,621,4.0
AI Empire,9,895,2117,5.0
Empire 7,9,0,847,5.0
Empire 12,8,7,830,5.0
Empire 2,7,5,725,4.5
Empire 16,7,4,720,4.5
Empire 3,8,7,847,5.0
Empire 11,8,2,798,5.0
Empire 8,6,5,648,4.0
Empire 9,8,12,880,5.0
Empire 10,8,3,783,5.0
Empire 1,7,11,771,4.5
Empire 14,7,0,695,4.5
Empire 5,7,11,766,4.5
Empire 4,6,4,633,4.0
AI Empire,8,776,1709,5.0
Empire 16,6,4,627,4.0
Empire 2,6,4,632,4.0
Empire 7,8,0,764,5.0
Empire 12,7,7,730,4.5
Empire 3,7,7,747,4.5
Empire 4,5,3,543,3.5
Empire 9,7,11,770,4.5
Empire 11,7,2,710,4.5
Empire 8,5,5,553,3.5
Empire 10,7,2,695,4.5
AI Empire,7,635,959,5.0
Empire 9,6,10,662,4.0
Empire 6,5,3,536,3.5
Empire 10,6,1,610,4.0
Empire 5,6,9,661,4.0
Empire 3,6,7,647,4.0
Empire 16,5,4,534,3.5
Empire 7,7,0,681,4.5
Empire 14,6,1,610,4.0
Empire 1,6,11,661,4.0
Empire 11,6,2,622,4.0
Empire 12,6,7,630,4.0
Empire 13,5,6,538,3.5
Empire 2,5,4,539,3.5
AI Empire,6,146,610,5.099999999999996
Empire 5,5,7,561,3.5
Empire 11,5,2,534,3.5
Empire 3,5,6,549,3.5
Empire 1,5,8,558,3.5
Empire 10,5,1,525,3.5
Empire 9,5,10,554,3.5
Empire 14,5,1,525,3.5
Empire 7,6,0,598,4.0
Empire 12,5,5,535,3.5
AI Empire,5,1,525,3.6
Empire 15,5,3,531,3.5
Empire 7,5,0,515,3.5
AI Empire,4,1,440,3.1
Empire 16,4,2,446,3.0
Empire 15,4,2,443,3.0
Empire 14,4,1,440,3.0
Empire 13,4,4,445,3.0
Empire 12,4,3,445,3.0
Empire 11,4,2,446,3.0
Empire 10,4,1,440,3.0
Empire 9,4,6,456,3.0
Empire 8,4,5,458,3.0
Empire 7,4,0,432,3.0
Empire 6,4,3,446,3.0
Empire 5,4,7,461,3.0
Empire 4,4,3,453,3.0
Empire 3,4,4,456,3.0
Empire 2,4,3,449,3.0
Empire 1,4,7,458,3.0
AI Empire,3,1,355,2.6
Empire 16,3,2,358,2.5
Empire 15,3,2,355,2.5
Empire 14,3,1,355,2.5
Empire 13,3,3,355,2.5
Empire 12,3,3,355,2.5
Empire 11,3,2,358,2.5
Empire 10,3,1,355,2.5
Empire 9,3,4,363,2.5
Empire 8,3,5,363,2.5
Empire 7,3,0,349,2.5
Empire 6,3,2,358,2.5
Empire 5,3,5,366,2.5
Empire 4,3,3,363,2.5
Empire 3,3,4,363,2.5
Empire 2,3,2,361,2.5
Empire 1,3,4,365,2.5
AI Empire,2,1,270,2.0
Empire 16,2,2,270,2.0
Empire 15,2,1,270,2.0
Empire 14,2,1,270,2.0
Empire 13,2,1,270,2.0
Empire 12,2,1,270,2.0
Empire 11,2,2,270,2.0
Empire 10,2,1,270,2.0
Empire 9,2,3,273,2.0
Empire 8,2,3,273,2.0
Empire 7,2,0,266,2.0
Empire 6,2,2,270,2.0
Empire 5,2,4,273,2.0
Empire 4,2,3,273,2.0
Empire 3,2,3,273,2.0
Empire 2,2,2,273,2.0
Empire 1,2,3,275,2.0
AI Empire,1,1,185,1.5
Empire 16,1,1,185,1.5
Empire 15,1,1,185,1.5
Empire 14,1,1,185,1.5
Empire 13,1,1,185,1.5
Empire 12,1,1,185,1.5
Empire 11,1,1,185,1.5
Empire 10,1,1,185,1.5
Empire 9,1,2,185,1.5
Empire 8,1,2,185,1.5
Empire 7,1,0,183,1.5
Empire 6,1,1,185,1.5
Empire 5,1,2,185,1.5
Empire 4,1,2,185,1.5
Empire 3,1,2,185,1.5
Empire 2,1,2,185,1.5
Empire 1,1,3,185,1.5
Empire 16,7,4,712,4.5
Empire 6,7,4,716,4.5
Empire 2,7,4,717,4.5
Empire 9,9,4,881,5.0
Empire 14,8,3,792,5.0
Empire 15,10,19,1076,5.0
Empire 10,7,9,761,4.5
Empire 3,8,6,835,5.0
AI Empire,11,96,1869,5.0
AI Empire,10,96,1597,5.0
Empire 12,6,5,636,4.0
Empire 4,6,1,610,4.0
Empire 3,7,6,737,4.5
Empire 6,6,3,626,4.0
Empire 16,6,4,619,4.0
Empire 1,8,8,814,5.0
Empire 10,6,9,656,4.0
Empire 13,7,3,713,4.5
Empire 11,7,7,726,4.5
Empire 14,7,2,704,4.5
Empire 8,8,3,789,5.0
Empire 5,6,8,671,4.0
Empire 15,9,14,958,5.0
Empire 9,8,4,788,5.0
AI Empire,9,96,1325,5.0
Empire 14,6,2,616,4.0
Empire 15,8,11,848,5.0
Empire 8,7,2,701,4.5
Empire 7,6,2,616,4.0
Empire 9,7,3,698,4.5
AI Empire,8,96,1053,5.0
Empire 11,6,4,633,4.0
Empire 15,7,9,743,4.5
Empire 2,6,3,627,4.0
Empire 1,7,5,719,4.5
AI Empire,7,96,781,5.0
Empire 1,6,3,629,4.0
Empire 8,6,2,613,4.0
Empire 15,6,7,643,4.0
Empire 13,6,3,623,4.0
AI Empire,6,37,613,4.9999999999999964
Empire 9,6,2,610,4.0
Empire 3,6,5,642,4.0
Empire 11,5,3,543,3.5
Empire 12,5,4,543,3.5
Empire 6,5,3,536,3.5
Empire 16,5,2,531,3.5
Empire 14,5,2,528,3.5
Empire 1,5,3,539,3.5
Empire 7,5,2,528,3.5
Empire 2,5,3,537,3.5
Empire 4,5,1,525,3.5
Empire 8,5,2,525,3.5
Empire 15,5,5,548,3.5
Empire 13,5,3,533,3.5
Empire 10,5,7,556,3.5
Empire 5,5,8,568,3.5
AI Empire,5,2,525,3.5
Empire 9,5,1,525,3.5
Empire 3,5,4,549,3.5
AI Empire,4,1,440,3.0
Empire 16,4,2,443,3.0
Empire 15,4,5,453,3.0
Empire 14,4,2,440,3.0
Empire 13,4,3,443,3.0
Empire 12,4,3,453,3.0
Empire 11,4,3,453,3.0
Empire 10,4,6,458,3.0
Empire 9,4,1,440,3.0
Empire 8,4,1,440,3.0
Empire 7,4,2,440,3.0
Empire 6,4,3,446,3.0
Empire 5,4,7,468,3.0
Empire 4,4,1,440,3.0
Empire 3,4,4,456,3.0
Empire 2,4,2,449,3.0
Empire 1,4,3,449,3.0
AI Empire,3,1,355,2.5
Empire 16,3,2,355,2.5
Empire 15,3,3,363,2.5
Empire 14,3,1,355,2.5
Empire 13,3,2,355,2.5
Empire 12,3,3,363,2.5
Empire 11,3,3,363,2.5
Empire 10,3,5,363,2.5
Empire 9,3,1,355,2.5
Empire 8,3,1,355,2.5
Empire 7,3,1,355,2.5
Empire 6,3,2,358,2.5
Empire 5,3,6,370,2.5
Empire 4,3,1,355,2.5
Empire 3,3,4,363,2.5
Empire 2,3,2,361,2.5
Empire 1,3,2,361,2.5
AI Empire,2,1,270,2.0
Empire 16,2,1,270,2.0
Empire 15,2,3,273,2.0
Empire 14,2,1,270,2.0
Empire 13,2,1,270,2.0
Empire 12,2,3,273,2.0
Empire 11,2,3,273,2.0
Empire 10,2,3,273,2.0
Empire 9,2,1,270,2.0
Empire 8,2,1,270,2.0
Empire 7,2,1,270,2.0
Empire 6,2,2,270,2.0
Empire 5,2,5,275,2.0
Empire 4,2,1,270,2.0
Empire 3,2,3,273,2.0
Empire 2,2,2,273,2.0
Empire 1,2,2,273,2.0
AI Empire,1,1,185,1.5
Empire 16,1,1,185,1.5
Empire 15,1,2,185,1.5
Empire 14,1,1,185,1.5
Empire 13,1,1,185,1.5
Empire 12,1,2,185,1.5
Empire 11,1,2,185,1.5
Empire 10,1,2,185,1.5
Empire 9,1,1,185,1.5
Empire 8,1,1,185,1.5
Empire 7,1,1,185,1.5
Empire 6,1,1,185,1.5
Empire 5,1,3,185,1.5
Empire 4,1,1,185,1.5
Empire 3,1,2,185,1.5
Empire 2,1,2,185,1.5
Empire 1,1,2,185,1.5
Empire 11,2,1,270,2.0
Empire 10,2,1,270,2.0
Empire 9,2,1,270,2.0
Empire 8,2,1,270,2.0
Empire 7,2,2,270,2.0
Empire 6,2,2,270,2.0
Empire 5,2,1,270,2.0
Empire 4,2,5,273,2.0
Empire 3,2,2,270,2.0
Empire 2,2,2,270,2.0
Empire 1,2,3,273,2.0
AI Empire,1,1,185,1.5
Empire 16,1,1,185,1.5
Empire 15,1,1,185,1.5
Empire 14,1,1,185,1.5
Empire 13,1,4,185,1.5
Empire 12,1,2,185,1.5
Empire 11,1,1,185,1.5
Empire 10,1,1,185,1.5
Empire 9,1,1,185,1.5
Empire 8,1,1,185,1.5
Empire 7,1,1,185,1.5
Empire 6,1,1,185,1.5
Empire 5,1,1,185,1.5
Empire 4,1,2,185,1.5
Empire 3,1,1,185,1.5
Empire 2,1,1,185,1.5
Empire 1,1,2,185,1.5
Empire 7,151,248,19017,0.0
Empire 15,143,80,13071,0.0
Empire 2,149,28,17748,5.0
AI Empire,289,20,3520,5.0
Empire 7,150,248,18884,0.0
Empire 2,148,28,17598,5.0
AI Empire,288,20,3387,5.0
Empire 15,142,84,12846,0.0
Empire 22,115,46,10596,0.8399999999999992
Empire 38,26,7,3363,5.0
Empire 8,138,88,21102,0.0
Empire 7,149,248,18831,0.0
Empire 35,42,10,4026,5.0
Empire 33,39,10,3333,5.0
Empire 5,136,35,18457,5.0
Empire 1,132,32,20352,5.0
Empire 2,147,28,17448,5.0
Empire 31,49,22,5604,5.0
Empire 18,124,2,11012,5.0
Empire 40,13,1,1205,5.0
AI Empire,287,20,4886,5.0
AI Empire,286,20,4753,5.0
Empire 42,12,40,2188,3.1599999999999984
AI Empire,285,20,4620,5.0
Empire 39,12,18,1636,5.0
Empire 20,124,29,18084,5.0
Empire 7,148,248,18688,0.0
Empire 18,123,2,10924,5.0
Empire 31,48,22,5467,5.0
Empire 8,137,88,21023,0.0
Empire 16,143,26,14440,5.0
Empire 42,11,40,2014,2.9799999999999986
Empire 5,135,35,18405,5.0
Empire 15,141,84,12594,0.0
AI Empire,284,20,4487,5.0
Empire 2,146,28,17298,5.0
Empire 1,131,32,20194,5.0
Empire 22,114,46,10411,0.7799999999999992
Empire 35,41,10,3918,5.0
Empire 39,11,18,1508,5.0
Empire 33,38,10,3225,5.0
Empire 40,12,1,1120,5.0
Empire 11,149,90,33160,0.0
Empire 15,140,84,12342,0.0
Empire 38,25,7,3373,5.0
Empire 5,134,35,18333,5.0
Empire 31,47,22,5330,5.0
Empire 7,147,248,18595,0.0
Empire 42,10,40,1840,2.799999999999999
Empire 18,122,2,10836,5.0
Empire 16,142,26,14294,5.0
Empire 41,13,1,1205,5.0
Empire 20,123,29,18028,5.0
Empire 8,136,88,20924,0.0
AI Empire,283,20,4354,5.0
Empire 18,121,2,10748,5.0
Empire 31,46,22,5193,5.0
Empire 42,9,40,1666,2.619999999999999
Empire 8,135,88,20835,0.0
Empire 35,40,10,3810,5.0
Empire 15,139,84,12090,0.0
Empire 22,113,46,10226,0.7199999999999993
Empire 33,37,10,3117,5.0
Empire 11,148,90,32898,0.0
Empire 7,146,248,18482,0.0
Empire 41,12,1,1120,5.0
AI Empire,282,20,4221,5.0
Empire 35,39,10,3702,5.0
Empire 5,133,35,18271,5.0
Empire 18,120,2,10660,5.0
Empire 22,112,46,10041,0.6599999999999994
Empire 40,11,1,1035,5.0
Empire 33,36,10,3009,5.0
Empire 20,122,29,17972,5.0
Empire 1,130,32,20036,5.0
Empire 2,145,28,17148,5.0
Empire 11,147,90,32636,0.0
Empire 31,45,22,5056,5.0
Empire 16,141,26,14148,5.0
AI Empire,281,20,4088,5.0
Empire 41,11,1,1035,5.0
Empire 22,111,46,9856,0.5999999999999994
Empire 5,132,35,18209,5.0
Empire 16,140,26,14002,5.0
Empire 35,38,10,3594,5.0
Empire 2,144,28,16998,5.0
AI Empire,280,20,3955,5.0
Empire 8,134,88,20746,0.0
Empire 31,44,22,4919,5.0
Empire 20,121,29,17916,5.0
Empire 40,10,1,950,5.0
Empire 38,24,7,3343,5.0
Empire 2,143,28,16848,5.0
Empire 7,145,248,18389,0.0
Empire 18,119,2,10572,5.0
Empire 22,110,46,9671,0.5399999999999995
Empire 39,10,18,1380,5.0
Empire 11,146,90,32374,0.0
Empire 16,139,26,13856,5.0
Empire 35,37,10,3486,5.0
Empire 41,10,1,950,5.0
Empire 42,8,40,1492,2.4399999999999995
Empire 15,138,84,11838,0.0
Empire 1,129,32,19878,5.0
AI Empire,279,20,3822,5.0
Empire 20,120,29,17860,5.0
Empire 1,128,32,19720,5.0
Empire 38,23,7,3323,5.0
AI Empire,278,20,3689,5.0
Empire 2,142,28,16698,5.0
Empire 38,22,7,3363,5.0
Empire 5,131,35,18147,5.0
Empire 40,9,1,865,5.0
Empire 7,144,248,18376,0.0
AI Empire,277,20,3556,5.0
Empire 39,9,18,1252,5.0
Empire 5,130,35,18095,5.0
Empire 11,145,90,32112,0.0
Empire 35,36,10,3378,5.0
Empire 41,9,1,865,5.0
Empire 22,109,46,9486,0.47999999999999954
Empire 42,7,40,1318,2.26
AI Empire,276,20,3423,5.0
Empire 8,133,88,20707,0.0
Empire 38,21,7,3343,5.0
Empire 22,108,46,9301,0.4199999999999996
Empire 31,43,22,4782,5.0
Empire 18,118,2,10484,5.0
Empire 42,6,40,1144,2.0799999999999996
Empire 35,35,10,3270,5.0
Empire 7,143,248,18343,0.0
Empire 1,127,32,19562,5.0
Empire 40,8,1,780,5.0
AI Empire,275,20,3290,5.0
Empire 11,144,90,31850,0.0
AI Empire,274,20,3157,5.0
Empire 38,20,7,3353,5.0
Empire 22,107,46,9116,0.35999999999999965
Empire 1,126,32,19404,5.0
Empire 8,132,88,20628,0.0
Empire 18,117,2,10396,5.0
Empire 16,138,26,13710,5.0
Empire 41,8,1,780,5.0
Empire 31,42,22,4645,5.0
Empire 35,34,10,3162,5.0
Empire 40,7,1,695,4.5
Empire 5,129,35,18023,5.0
Empire 20,119,29,17824,5.0
Empire 39,8,18,1124,5.0
Empire 11,143,90,31588,0.0
Empire 7,142,248,18290,0.0
Empire 15,137,84,11586,0.0
Empire 2,141,28,16548,5.0
Empire 33,35,10,2901,5.0
AI Empire,273,20,3024,5.0
Empire 15,136,84,11334,0.0
Empire 7,141,248,18147,0.0
Empire 41,7,1,695,4.5
Empire 38,19,7,3383,5.0
Empire 40,6,1,610,4.0
AI Empire,272,20,2891,5.0
Empire 1,125,32,19246,5.0
Empire 41,6,1,610,4.0
Empire 35,33,10,3054,5.0
Empire 5,128,35,17951,5.0
Empire 20,118,29,17768,5.0
Empire 2,140,28,16398,5.0
Empire 39,7,18,996,4.5
Empire 11,142,90,31326,0.0
Empire 40,5,1,525,3.5
Empire 8,131,88,20539,0.0
Empire 7,140,248,18074,0.0
AI Empire,271,20,2758,5.0
Empire 16,137,26,13564,5.0
Empire 20,117,29,17712,5.0
Empire 41,5,1,525,3.5
Empire 39,6,18,868,4.0
Empire 38,18,7,3373,5.0
Empire 11,141,90,31064,0.0
Empire 22,106,46,8931,0.2999999999999997
Empire 15,135,84,11082,0.0
Empire 35,32,10,2946,5.0
Empire 40,4,1,440,3.0
Empire 2,139,28,16248,5.0
Empire 1,124,32,19088,5.0
Empire 8,130,88,20450,0.0
Empire 7,139,248,17951,0.0
Empire 42,5,40,970,1.8999999999999997
Empire 33,34,10,2793,5.0
Empire 18,116,2,10308,5.0
AI Empire,270,20,2625,5.0
AI Empire,269,20,2492,5.0
Empire 20,116,29,17646,5.0
Empire 18,115,2,10220,5.0
Empire 16,136,26,13418,5.0
Empire 15,134,84,10830,0.0
Empire 39,5,18,740,3.5
Empire 2,138,28,16098,5.0
AI Empire,268,20,2359,5.0
Empire 42,4,40,796,1.7199999999999998
Empire 11,140,90,30802,0.0
Empire 15,133,84,10578,0.0
Empire 35,31,10,2838,5.0
Empire 2,137,28,15948,5.0
Empire 16,135,26,13272,5.0
Empire 18,114,2,10132,5.0
Empire 33,33,10,2685,5.0
Empire 41,4,1,440,3.0
Empire 5,127,35,17919,5.0
Empire 38,17,7,3353,5.0
Empire 8,129,88,20321,0.0
Empire 1,123,32,18930,5.0
Empire 39,4,18,612,3.0
Empire 40,3,1,355,2.5
Empire 31,41,22,4508,5.0
Empire 22,105,46,8746,0.23999999999999977
AI Empire,267,20,2226,5.0
Empire 11,139,90,30540,0.0
Empire 7,138,248,17848,0.0
Empire 2,136,28,15798,5.0
Empire 22,104,46,8561,0.17999999999999983
AI Empire,266,20,2160,5.0
Empire 39,3,18,484,2.5
Empire 8,128,88,20242,0.0
Empire 18,113,2,10044,5.0
Empire 16,134,25,13128,5.0
Empire 20,115,29,17580,5.0
Empire 15,132,92,10326,0.0
Empire 1,122,32,18772,5.0
Empire 42,3,40,622,1.5399999999999998
Empire 11,138,90,30278,0.0
Empire 35,30,2,2730,5.0
Empire 7,137,248,17735,0.0
Empire 41,3,1,355,2.5
Empire 33,32,10,2577,5.0
AI Empire,265,20,2094,5.0
Empire 39,2,18,356,2.0
Empire 1,121,32,18614,5.0
Empire 2,135,28,15648,5.0
Empire 8,127,88,20143,0.0
Empire 5,126,35,17755,5.0
Empire 15,131,92,10194,0.0
Empire 40,2,1,270,2.0
Empire 20,114,29,17428,5.0
Empire 31,40,22,4371,5.0
Empire 16,133,22,12991,5.0
Empire 41,2,1,270,2.0
Empire 11,137,90,30016,0.0
Empire 18,112,2,9956,5.0
Empire 42,2,40,448,1.3599999999999999
Empire 33,31,10,2469,5.0
Empire 38,16,7,3333,5.0
Empire 22,103,46,8376,0.11999999999999988
Empire 7,136,248,17652,0.0
Empire 35,29,2,2642,5.0
AI Empire,264,20,2028,5.0
Empire 18,111,2,9868,5.0
AI Empire,263,20,1962,5.0
Empire 39,1,18,228,1.5
Empire 41,1,1,185,1.5
Empire 16,132,20,12858,5.0
Empire 18,110,2,9780,5.0
Empire 22,102,46,8191,0.05999999999999994
Empire 38,15,7,3343,5.0
Empire 11,136,90,29754,0.0
Empire 8,126,88,20044,0.0
Empire 15,130,92,10062,0.0
Empire 1,120,32,18456,5.0
Empire 20,113,29,17276,5.0
Empire 5,125,35,17591,5.0
Empire 2,134,28,15498,5.0
Empire 35,28,2,2554,5.0
Empire 42,1,40,274,1.18
Empire 7,135,248,17559,0.0
Empire 40,1,1,185,1.5
Empire 33,30,10,2361,5.0
AI Empire,262,20,1896,5.0
Empire 38,14,7,3333,5.0
Empire 22,101,46,8006,0.0
Empire 2,133,27,15350,5.0
Empire 31,39,25,4244,5.0
Empire 8,125,88,19935,0.0
Empire 18,109,2,9692,5.0
Empire 1,119,32,18298,5.0
Empire 35,27,2,2466,5.0
AI Empire,261,20,4992,5.0
Empire 33,29,5,2263,5.0
Empire 16,131,20,12725,5.0
Empire 32,30,17,3378,5.0
Empire 5,124,35,17427,5.0
Empire 31,38,25,4100,5.0
Empire 35,26,2,2378,5.0
Empire 11,135,90,29492,0.0
Empire 2,132,27,15202,5.0
Empire 15,129,96,10010,0.0
Empire 8,124,88,19706,0.0
Empire 18,108,2,9604,5.0
Empire 1,118,32,18140,5.0
Empire 38,13,7,3313,5.0
Empire 22,100,52,7918,0.0
Empire 37,20,35,3380,5.0
AI Empire,260,20,4926,5.0
Empire 35,25,2,2290,5.0
Empire 15,128,96,9874,0.0
Empire 22,99,52,7820,0.0
AI Empire,259,20,4860,5.0
Empire 35,24,2,2202,5.0
Empire 18,107,2,9516,5.0
Empire 5,123,35,17263,5.0
Empire 31,37,25,3956,5.0
Empire 16,130,15,12605,5.0
Empire 7,134,248,17486,0.0
Empire 15,127,96,9738,0.0
Empire 8,123,88,19447,0.0
Empire 20,112,29,17124,5.0
Empire 1,117,32,17982,5.0
Empire 33,28,5,2226,5.0
Empire 22,98,52,7722,0.0
Empire 37,19,35,3216,5.0
Empire 11,134,90,29230,0.0
Empire 38,12,7,3293,5.0
AI Empire,258,20,4794,5.0
Empire 32,29,17,3253,5.0
AI Empire,257,20,4728,5.0
Empire 20,111,29,16972,5.0
Empire 18,106,2,9428,5.0
Empire 8,122,88,19188,0.0
Empire 11,133,90,28968,0.0
Empire 22,97,52,7624,0.0
AI Empire,256,20,4662,5.0
Empire 7,133,248,17261,0.0
Empire 22,96,52,7526,0.0
Empire 35,23,2,2114,5.0
Empire 15,126,96,9602,0.0
Empire 8,121,88,18929,0.0
Empire 16,129,8,12502,5.0
Empire 33,27,5,2179,5.0
AI Empire,255,20,4596,5.0
Empire 31,36,25,3812,5.0
Empire 20,110,29,16820,5.0
Empire 35,22,2,2026,5.0
Empire 16,128,6,12404,5.0
Empire 22,95,52,7438,0.0
Empire 2,131,26,15056,5.0
Empire 7,132,248,17016,0.0
Empire 15,125,96,9466,0.0
Empire 32,28,17,3128,5.0
Empire 38,11,7,3273,5.0
Empire 33,26,5,2152,5.0
AI Empire,254,20,4530,5.0
Empire 11,132,90,28706,0.0
Empire 8,120,88,18670,0.0
Empire 2,130,22,14919,5.0
Empire 1,116,32,17824,5.0
Empire 38,10,7,3253,5.0
Empire 5,122,35,17099,5.0
Empire 22,94,52,7370,0.0
Empire 7,131,248,16831,0.0
Empire 20,109,29,16668,5.0
Empire 18,105,2,9340,5.0
Empire 32,27,17,3003,5.0
Empire 13,125,0,9026,5.0
Empire 15,124,96,9330,0.0
Empire 31,35,25,3668,5.0
Empire 35,21,2,1938,5.0
Empire 33,25,5,2125,5.0
AI Empire,253,20,4464,5.0
AI Empire,252,20,4398,5.0
Empire 22,93,65,7282,0.0
Empire 11,131,90,28444,0.0
Empire 16,127,4,12311,5.0
Empire 18,104,2,9252,5.0
Empire 5,121,35,16935,5.0
Empire 2,129,21,14784,5.0
Empire 38,9,7,3233,5.0
Empire 8,119,88,18411,0.0
Empire 33,24,5,2088,5.0
Empire 32,26,4,2957,5.0
AI Empire,251,20,4332,5.0
Empire 35,20,2,1850,5.0
Empire 5,120,35,16771,5.0
Empire 8,118,88,18152,0.0
Empire 18,103,2,9164,5.0
Empire 38,8,7,3183,5.0
Empire 31,34,25,3524,5.0
Empire 16,126,4,12218,5.0
Empire 15,123,96,9194,0.0
Empire 22,92,65,7229,0.0
Empire 32,25,4,2921,5.0
Empire 33,23,5,2051,5.0
Empire 37,18,35,3052,5.0
Empire 20,108,29,16516,5.0
Empire 1,115,32,17666,5.0
Empire 2,128,21,14649,5.0
AI Empire,250,20,4266,5.0
Empire 22,91,65,7156,0.0
Empire 35,19,2,1762,5.0
Empire 2,127,21,14514,5.0
Empire 5,119,35,16607,5.0
Empire 37,17,35,2888,5.0
Empire 11,130,90,28182,0.0
Empire 33,22,5,2004,5.0
Empire 16,125,4,12125,5.0
Empire 38,7,7,3143,4.5
Empire 32,24,4,2875,5.0
Empire 13,124,29,8874,5.0
Empire 7,130,248,16606,0.0
AI Empire,249,20,4200,5.0
Empire 18,102,2,9076,5.0
Empire 22,90,65,7093,0.0
Empire 8,117,88,17893,0.0
Empire 16,124,4,12032,5.0
Empire 31,33,25,3380,5.0
AI Empire,248,20,4134,5.0
Empire 8,116,88,17634,0.0
Empire 18,101,2,8988,5.0
Empire 37,16,35,2724,5.0
Empire 22,89,65,7030,0.0
Empire 16,123,4,11939,5.0
AI Empire,247,20,4068,5.0
Empire 31,32,25,3236,5.0
Empire 38,6,7,3113,4.0
Empire 32,23,4,2829,5.0
Empire 37,15,35,2560,5.0
Empire 2,126,21,14379,5.0
Empire 7,129,248,16391,0.0
Empire 8,115,88,17375,0.0
Empire 22,88,65,6957,0.0
Empire 5,118,35,16443,5.0
Empire 16,122,4,11846,5.0
Empire 15,122,96,9058,0.0
Empire 18,100,2,8900,5.0
Empire 20,107,29,16364,5.0
AI Empire,246,20,4002,5.0
Empire 15,121,96,8922,0.0
Empire 1,114,32,17508,5.0
Empire 31,31,25,3092,5.0
Empire 33,21,5,1977,5.0
Empire 38,5,7,3093,3.5
Empire 35,18,2,1674,5.0
Empire 16,121,4,11753,5.0
Empire 22,87,65,6894,0.0
Empire 2,125,21,14244,5.0
Empire 32,22,4,2783,5.0
Empire 13,123,29,8722,5.0
Empire 20,106,29,16212,5.0
Empire 37,14,35,2396,4.920000000000003
AI Empire,245,20,3936,5.0
Empire 11,129,90,27920,0.0
Empire 16,120,4,11660,5.0
Empire 2,124,21,14109,5.0
Empire 37,13,35,2232,4.640000000000002
Empire 38,4,7,3063,3.0
Empire 5,117,35,16279,5.0
Empire 33,20,5,1940,5.0
AI Empire,244,20,3870,5.0
Empire 16,119,4,11567,5.0
Empire 7,128,248,16196,0.0
Empire 18,99,2,8812,5.0
Empire 35,17,2,1586,5.0
Empire 38,3,7,3033,2.5
Empire 15,120,96,8786,0.0
Empire 2,123,21,13974,5.0
Empire 11,128,90,27658,0.0
Empire 32,21,4,2737,5.0
Empire 22,86,65,6831,0.0
AI Empire,243,20,3804,5.0
Empire 22,85,65,6758,0.0
Empire 33,19,5,1903,5.0
Empire 5,116,35,16115,5.0
Empire 7,127,248,15971,0.0
AI Empire,242,20,3738,5.0
Empire 8,114,88,17116,0.0
Empire 18,98,2,8724,5.0
Empire 16,118,4,11474,5.0
Empire 15,119,96,8650,0.0
Empire 22,84,65,6685,0.0
Empire 31,30,25,2948,5.0
Empire 32,20,4,2691,5.0
Empire 38,2,7,3013,2.0
Empire 5,115,35,15951,5.0
Empire 7,126,248,15756,0.0
Empire 33,18,5,1856,5.0
Empire 20,105,29,16060,5.0
Empire 35,16,2,1498,5.0
Empire 1,113,32,17350,5.0
Empire 13,122,29,8570,5.0
Empire 2,122,21,13839,5.0
Empire 11,127,90,27396,0.0
Empire 37,12,35,2068,4.360000000000002
AI Empire,241,20,3672,5.0
Empire 7,125,248,15511,0.0
Empire 16,117,4,11381,5.0
Empire 20,104,29,15908,5.0
Empire 35,15,2,1410,5.0
Empire 32,19,4,2645,5.0
Empire 11,126,90,27134,0.0
Empire 1,112,32,17192,5.0
Empire 31,29,25,2804,5.0
Empire 5,114,35,15787,5.0
Empire 13,121,29,8418,5.0
AI Empire,240,20,3606,5.0
AI Empire,239,20,3540,5.0
Empire 20,103,29,15756,5.0
Empire 22,83,65,6642,0.0
Empire 37,11,35,1904,4.080000000000002
Empire 1,111,32,17034,5.0
Empire 18,97,2,8636,5.0
AI Empire,238,20,3474,5.0
AI Empire,237,20,3408,5.0
Empire 35,14,2,1322,5.0
Empire 7,124,248,15286,0.0
Empire 8,113,88,16857,0.0
Empire 1,110,32,16876,5.0
Empire 37,10,35,1740,3.8000000000000016
Empire 38,1,7,2993,1.5
AI Empire,236,20,3342,5.0
Empire 13,120,29,8266,5.0
Empire 15,118,96,8514,0.0
Empire 31,28,25,2660,5.0
Empire 7,123,248,15061,0.0
AI Empire,235,20,3276,5.0
Empire 7,122,248,14816,0.0
Empire 16,116,4,11288,5.0
Empire 18,96,2,8548,5.0
Empire 11,125,90,26872,0.0
Empire 15,117,96,8378,0.0
Empire 35,13,2,1234,5.0
Empire 20,102,29,15604,5.0
Empire 32,18,4,2609,5.0
AI Empire,234,20,3210,5.0
Empire 11,124,90,26610,0.0
Empire 13,119,29,8114,5.0
Empire 7,121,255,24195,0.0
Empire 22,82,65,6569,0.0
Empire 31,27,25,2516,5.0
Empire 35,12,2,1146,5.0
AI Empire,233,20,3144,5.0
Empire 5,113,35,15623,5.0
Empire 20,101,29,15452,5.0
Empire 16,115,4,11195,5.0
Empire 35,11,2,1058,5.0
Empire 22,81,65,6496,0.0
Empire 1,109,32,16718,5.0
Empire 2,121,21,13704,5.0
Empire 11,123,90,26348,0.0
Empire 31,26,25,2372,5.0
Empire 18,95,2,8460,5.0
Empire 8,112,88,16598,0.0
Empire 33,17,5,1829,5.0
Empire 32,17,4,2563,5.0
Empire 7,120,255,23696,0.0
Empire 13,118,29,7962,5.0
Empire 15,116,97,8242,0.0
AI Empire,232,20,3078,5.0
Empire 1,108,32,16560,5.0
Empire 20,100,29,15300,5.0
Empire 16,114,4,11102,5.0
Empire 7,119,255,23197,0.0
AI Empire,231,20,3012,5.0
Empire 1,107,32,16402,5.0
Empire 8,111,88,16339,0.0
Empire 18,94,2,8372,5.0
Empire 20,99,29,15148,5.0
Empire 22,80,65,6443,0.0
Empire 5,112,35,15459,5.0
Empire 11,122,90,26086,0.0
Empire 37,9,35,1576,3.5200000000000014
Empire 31,25,24,2301,5.0
Empire 35,10,2,970,5.0
Empire 7,118,255,22698,0.0
AI Empire,230,20,2946,5.0
Empire 2,120,21,13569,5.0
Empire 5,111,35,15295,5.0
Empire 33,16,5,1792,5.0
Empire 15,115,97,8151,0.0
Empire 16,113,4,11009,5.0
Empire 7,117,255,22199,0.0
AI Empire,229,20,2880,5.0
Empire 1,106,32,16244,5.0
Empire 2,119,21,13434,5.0
Empire 15,114,97,8070,0.0
Empire 37,8,35,1412,3.240000000000001
Empire 7,116,255,21700,0.0
Empire 35,9,2,882,5.0
Empire 13,117,29,7810,5.0
Empire 20,98,29,14996,5.0
Empire 31,24,24,2240,5.0
Empire 8,110,88,16080,0.0
Empire 22,79,65,6380,0.0
Empire 16,112,4,10916,5.0
Empire 33,15,5,1755,5.0
Empire 32,16,4,2527,5.0
Empire 11,121,90,25824,0.0
AI Empire,228,20,2814,5.0
Empire 20,97,29,14844,5.0
Empire 7,115,261,21201,0.0
Empire 11,120,90,25562,0.0
Empire 22,78,65,6307,0.0
Empire 8,109,82,15966,0.0
Empire 37,7,35,1248,2.960000000000001
Empire 35,8,2,794,5.0
Empire 15,113,97,7979,0.0
Empire 32,15,4,2481,5.0
Empire 31,23,24,2169,5.0
Empire 2,118,21,13299,5.0
Empire 13,116,29,7658,5.0
Empire 16,111,4,10823,5.0
Empire 5,110,35,15131,5.0
Empire 18,93,2,8284,5.0
AI Empire,227,20,2748,5.0
Empire 18,92,2,8196,5.0
Empire 11,119,90,25300,0.0
Empire 13,115,29,7506,5.0
AI Empire,226,20,2682,5.0
Empire 11,118,90,25038,0.0
Empire 20,96,29,14692,5.0
Empire 13,114,29,7354,5.0
Empire 33,14,5,1708,5.0
Empire 2,117,21,13164,5.0
Empire 37,6,35,1084,2.6800000000000006
AI Empire,225,20,2616,5.0
Empire 35,7,2,706,4.5
Empire 1,105,32,16086,5.0
Empire 37,5,35,920,2.4000000000000004
Empire 16,110,4,10730,5.0
Empire 5,109,35,14967,5.0
Empire 32,14,4,2435,5.0
Empire 13,113,29,7202,5.0
Empire 15,112,97,7908,0.5
Empire 20,95,29,14540,5.0
Empire 22,77,65,6234,0.0
Empire 33,13,5,1661,5.0
Empire 18,91,2,8108,5.0
AI Empire,224,20,2550,5.0
Empire 7,114,261,20998,0.0
Empire 22,76,65,6161,0.0
Empire 16,109,4,10637,5.0
Empire 37,4,35,756,2.12
Empire 35,6,2,618,4.0
Empire 32,13,4,2389,5.0
Empire 33,12,5,1614,5.0
Empire 8,108,82,15882,0.0
Empire 20,94,29,14388,5.0
Empire 11,117,90,24776,0.0
Empire 1,104,32,15928,5.0
Empire 13,112,29,7050,5.0
Empire 5,108,35,14803,5.0
Empire 18,90,2,8020,5.0
AI Empire,223,20,2484,5.0
Empire 11,116,90,24514,0.0
Empire 16,108,4,10544,5.0
Empire 13,111,29,6898,5.0
AI Empire,222,20,2418,5.0
Empire 31,22,24,2118,5.0
Empire 11,115,90,24252,0.0
Empire 18,89,2,7932,5.0
Empire 7,113,261,20775,0.0
Empire 37,3,35,592,1.84
Empire 8,107,82,15788,0.0
Empire 33,11,5,1577,5.0
Empire 5,107,35,14639,5.0
Empire 32,12,4,2343,5.0
Empire 35,5,2,530,3.5
Empire 13,110,29,6746,5.0
Empire 15,111,97,7817,1.0
Empire 16,107,4,10451,5.0
Empire 20,93,29,14236,5.0
Empire 1,103,32,15770,5.0
AI Empire,221,20,2352,5.0
Empire 1,102,32,15612,5.0
Empire 8,106,82,15674,0.0
Empire 16,106,4,10358,5.0
Empire 7,112,261,20552,0.0
Empire 31,21,24,2047,5.0
Empire 15,110,97,7726,1.5
Empire 20,92,29,14084,5.0
Empire 37,2,35,428,1.56
Empire 18,88,2,7844,5.0
Empire 22,75,65,6108,0.0
AI Empire,220,20,2286,5.0
Empire 2,116,21,13029,5.0
Empire 16,105,4,10265,5.0
Empire 32,11,4,2307,5.0
Empire 5,106,35,14475,5.0
Empire 33,10,5,1530,5.0
Empire 18,87,2,7756,5.0
Empire 8,105,82,15570,0.0
Empire 13,109,29,6594,5.0
Empire 15,109,97,7635,2.0
Empire 7,111,261,20339,0.0
Empire 11,114,90,23990,0.0
Empire 1,101,32,15454,5.0
AI Empire,219,20,2220,5.0
Empire 7,110,261,20086,0.0
Empire 35,4,2,442,3.0
Empire 37,1,35,264,1.28
Empire 2,115,21,12894,5.0
Empire 31,20,24,1996,5.0
AI Empire,218,20,2154,5.0
Empire 15,108,110,7574,2.5
Empire 1,100,32,15296,5.0
Empire 22,74,65,6045,0.0
Empire 32,10,4,2271,5.0
Empire 7,109,261,19833,0.0
Empire 2,114,21,12759,5.0
Empire 13,108,8,8817,5.0
Empire 34,6,12,621,4.0
AI Empire,217,20,4935,5.0
Empire 22,73,65,5992,0.0
Empire 8,104,82,15486,0.0
Empire 35,3,2,364,2.5
Empire 29,28,21,2796,5.0
Empire 11,113,90,23728,0.0
Empire 36,5,27,840,3.1999999999999997
Empire 16,104,4,10172,5.0
Empire 18,86,2,7668,5.0
Empire 2,113,21,12624,5.0
Empire 15,107,110,7447,3.0
Empire 5,105,35,14311,5.0
Empire 33,9,5,1493,5.0
Empire 7,108,261,19620,0.0
Empire 32,9,4,2235,5.0
AI Empire,216,20,4932,5.0
Empire 32,8,4,2189,5.0
Empire 33,8,5,1456,5.0
Empire 8,103,82,15402,0.0
Empire 16,103,4,10079,5.0
Empire 20,91,29,13932,5.0
Empire 36,4,27,692,2.76
Empire 1,99,32,15138,5.0
Empire 34,5,12,665,3.5
Empire 18,85,2,7580,5.0
Empire 2,112,21,12489,5.0
Empire 11,112,90,23466,0.0
Empire 29,27,21,2729,5.0
Empire 15,106,110,7300,3.5
Empire 5,104,35,14147,5.0
Empire 31,19,7,1925,5.0
Empire 22,72,65,5949,0.0
AI Empire,215,20,4799,5.0
Empire 33,7,5,1409,4.5
Empire 36,3,27,544,2.32
Empire 31,18,7,1885,5.0
Empire 18,84,2,7492,5.0
Empire 2,111,21,12354,5.0
Empire 32,7,4,2163,4.5
Empire 34,4,12,552,3.0
Empire 11,111,90,23204,0.0
Empire 8,102,82,15318,0.0
Empire 35,2,2,276,2.0
AI Empire,214,20,4666,5.0
Empire 8,101,82,15234,0.0
Empire 36,2,27,396,1.88
Empire 22,71,65,5886,0.0
Empire 34,3,12,439,2.5
Empire 1,98,32,14980,5.0
Empire 31,17,7,1845,5.0
Empire 2,110,21,12219,5.0
Empire 16,102,4,9986,5.0
Empire 15,105,110,7183,4.0
Empire 20,90,29,13780,5.0
Empire 29,26,21,2662,5.0
Empire 13,107,8,8766,5.0
Empire 7,107,261,19477,0.0
Empire 18,83,2,7404,5.0
Empire 35,1,2,188,1.5
AI Empire,213,20,4533,5.0
Empire 34,2,12,326,2.0
Empire 1,97,32,14822,5.0
Empire 15,104,110,7036,4.5
Empire 11,110,90,22942,0.0
Empire 8,100,82,15170,0.0
Empire 7,106,261,19294,0.0
Empire 5,103,35,13983,5.0
Empire 13,106,8,8715,5.0
Empire 29,25,21,2595,5.0
AI Empire,212,20,4400,5.0
Empire 34,1,12,213,1.5
Empire 29,24,21,2528,5.0
Empire 36,1,27,248,1.44
Empire 31,16,7,1805,5.0
Empire 8,99,82,15106,0.0
Empire 5,102,35,13819,5.0
Empire 20,89,29,13628,5.0
Empire 16,101,4,9893,5.0
Empire 13,105,8,8664,5.0
Empire 1,96,32,14664,5.0
Empire 33,6,5,1362,4.0
Empire 11,109,90,22680,0.0
Empire 2,109,21,12084,5.0
Empire 7,105,261,19081,0.0
Empire 18,82,2,7316,5.0
AI Empire,211,20,4267,5.0
Empire 1,95,32,14506,5.0
Empire 18,81,2,7228,5.0
Empire 31,15,7,1755,5.0
Empire 7,104,261,18838,0.0
Empire 16,100,4,9800,5.0
Empire 15,103,118,6949,0.0
Empire 5,101,35,13655,5.0
Empire 20,88,29,13476,5.0
Empire 30,15,33,2634,5.0
Empire 11,108,90,22418,0.0
Empire 32,6,4,2127,4.0
Empire 8,98,82,15012,0.0
Empire 33,5,5,1315,3.5
Empire 2,108,21,11949,5.0
Empire 13,104,8,8633,5.0
AI Empire,210,20,4924,5.0
Empire 20,87,29,13324,5.0
Empire 31,14,7,1715,5.0
Empire 33,4,5,1288,3.0
Empire 8,97,82,14918,0.0
Empire 30,14,33,2564,5.0
Empire 29,23,21,2501,5.0
Empire 18,80,2,7140,5.0
Empire 7,103,261,18625,0.0
Empire 16,99,4,9707,5.0
Empire 22,70,65,5843,0.0
Empire 32,5,4,2091,3.5
Empire 11,107,90,22156,0.0
Empire 1,94,32,14348,5.0
Empire 13,103,8,8602,5.0
Empire 5,100,35,13491,5.0
AI Empire,209,20,4791,5.0
Empire 32,4,4,2065,3.0
Empire 16,98,4,9614,5.0
Empire 2,107,21,11814,5.0
Empire 18,79,2,7052,5.0
Empire 13,102,8,8571,5.0
Empire 5,99,35,13327,5.0
Empire 15,102,118,6887,0.0
Empire 8,96,82,14824,0.0
Empire 7,102,261,18412,0.0
Empire 1,93,32,14190,5.0
AI Empire,208,20,4658,5.0
Empire 15,101,118,6785,0.0
Empire 32,3,4,2029,2.5
Empire 30,13,33,2514,5.0
Empire 18,78,2,6964,5.0
Empire 5,98,35,13163,5.0
Empire 29,22,21,2474,5.0
Empire 2,106,21,11679,5.0
Empire 31,13,7,1665,5.0
Empire 20,86,29,13172,5.0
Empire 8,95,82,14740,0.0
Empire 13,101,8,8540,5.0
Empire 33,3,5,1241,2.5
Empire 22,69,65,5840,0.0
AI Empire,207,20,4525,5.0
Empire 29,21,21,2427,5.0
Empire 31,12,7,1625,5.0
Empire 16,97,4,9521,5.0
Empire 8,94,82,14656,0.0
Empire 20,85,29,13020,5.0
Empire 33,2,5,1224,2.0
Empire 7,101,261,18229,0.0
Empire 13,100,8,8509,5.0
Empire 30,12,33,2434,5.0
Empire 22,68,65,5767,0.0
Empire 11,106,90,21894,0.0
Empire 5,97,35,12999,5.0
Empire 18,77,2,6876,5.0
Empire 1,92,32,14032,5.0
Empire 32,2,4,1993,2.0
Empire 2,105,21,11544,5.0
Empire 15,100,118,6703,0.0
AI Empire,206,20,4392,5.0
Empire 20,84,29,12868,5.0
Empire 15,99,118,6601,0.0
Empire 11,105,90,21632,0.0
Empire 33,1,5,1177,1.5
Empire 32,1,4,1947,1.5
Empire 31,11,7,1575,5.0
Empire 22,67,65,5704,0.0
Empire 30,11,33,2364,5.0
Empire 29,20,21,2380,5.0
AI Empire,205,20,4259,5.0
Empire 15,98,118,6519,0.0
Empire 2,104,21,11409,5.0
Empire 11,104,90,21370,0.0
Empire 5,96,35,12835,5.0
Empire 13,99,8,8478,5.0
Empire 22,66,74,15610,0.0
AI Empire,204,20,4126,5.0
AI Empire,203,20,3993,5.0
Empire 22,65,74,15375,0.0
Empire 30,10,33,2294,5.0
Empire 29,19,21,2333,5.0
Empire 18,76,2,6788,5.0
AI Empire,202,20,3860,5.0
Empire 13,98,8,8447,5.0
AI Empire,201,20,3727,5.0
Empire 11,103,90,21108,0.0
Empire 5,95,35,12671,5.0
Empire 1,91,32,13874,5.0
Empire 29,18,21,2276,5.0
Empire 7,100,261,17996,0.0
Empire 16,96,4,9428,5.0
AI Empire,200,20,3594,5.0
Empire 11,102,90,20846,0.0
AI Empire,199,20,3461,5.0
AI Empire,198,20,4918,5.0
Empire 30,9,6,2224,5.0
Empire 11,101,90,20584,0.0
Empire 20,83,29,12716,5.0
Empire 31,10,7,1535,5.0
Empire 1,90,32,13716,5.0
Empire 18,75,2,6700,5.0
Empire 8,93,82,14592,0.0
Empire 2,103,21,11274,5.0
Empire 16,95,4,9335,5.0
Empire 7,99,261,17783,0.0
Empire 5,94,35,12507,5.0
Empire 15,97,135,6447,0.0
Empire 22,64,74,15140,0.0
Empire 28,20,10,2260,5.0
AI Empire,197,20,4785,5.0
Empire 20,82,29,12564,5.0
AI Empire,196,20,4652,5.0
Empire 30,8,6,2195,5.0
Empire 16,94,4,9242,5.0
Empire 1,89,32,13558,5.0
Empire 20,81,29,12412,5.0
Empire 8,92,82,14518,0.0
Empire 18,74,2,6612,5.0
AI Empire,195,20,4519,5.0
Empire 15,96,135,6356,0.0
Empire 7,98,261,17580,0.0
Empire 5,93,35,12343,5.0
Empire 31,9,7,1485,5.0
Empire 2,102,21,11139,5.0
Empire 13,97,8,8406,5.0
Empire 29,17,21,2239,5.0
Empire 18,73,2,6524,5.0
Empire 16,93,4,9149,5.0
Empire 20,80,29,12260,5.0
Empire 28,19,10,2152,5.0
Empire 1,88,32,13400,5.0
AI Empire,194,20,4386,5.0
Empire 8,91,82,14424,0.0
Empire 22,63,74,14905,0.0
Empire 15,95,135,6265,0.0
Empire 11,100,90,20322,0.0
Empire 28,18,10,2044,5.0
Empire 31,8,7,1455,5.0
Empire 5,92,35,12179,5.0
Empire 16,92,4,9056,5.0
Empire 13,96,8,8385,5.0
Empire 20,79,29,12108,5.0
Empire 1,87,32,13242,5.0
Empire 2,101,21,11004,5.0
Empire 29,16,21,2182,5.0
Empire 7,97,261,17367,0.0
Empire 30,7,6,2166,4.5
AI Empire,193,20,4253,5.0
Empire 13,95,8,8344,5.0
Empire 2,100,21,10869,5.0
Empire 30,6,6,2147,4.0
Empire 7,96,261,17134,0.0
Empire 18,72,2,6436,5.0
Empire 15,94,135,6204,0.0
Empire 5,91,35,12015,5.0
Empire 29,15,21,2125,5.0
Empire 31,7,7,1405,4.5
Empire 28,17,10,1936,5.0
Empire 22,62,74,14670,0.0
Empire 20,78,29,11956,5.0
Empire 8,90,82,14350,0.0
Empire 16,91,4,8963,5.0
Empire 1,86,32,13084,5.0
AI Empire,192,20,4120,5.0
Empire 20,77,29,11804,5.0
Empire 8,89,82,14276,0.0
Empire 31,6,7,1365,4.0
Empire 11,99,90,20060,0.0
Empire 28,16,10,1828,5.0
Empire 15,93,135,6113,0.0
Empire 29,14,21,1990,5.0
Empire 22,61,74,14435,0.0
Empire 13,94,8,8251,5.0
Empire 16,90,4,8870,5.0
Empire 2,99,21,10734,5.0
Empire 7,95,261,16961,0.0
Empire 1,85,32,12926,5.0
AI Empire,191,20,3987,5.0
Empire 13,93,8,8148,5.0
Empire 7,94,261,16708,0.0
Empire 11,98,90,19798,0.0
Empire 16,89,4,8777,5.0
Empire 20,76,29,11652,5.0
Empire 28,15,10,1720,5.0
Empire 22,60,74,14200,0.0
Empire 5,90,35,11851,5.0
Empire 30,5,6,2118,3.5
Empire 8,88,82,14182,0.0
Empire 18,71,2,6348,5.0
Empire 2,98,21,10599,5.0
Empire 1,84,32,12768,5.0
Empire 31,5,7,1325,3.5
AI Empire,190,20,3854,5.0
Empire 13,92,8,8045,5.0
Empire 2,97,21,10464,5.0
Empire 1,83,32,12610,5.0
AI Empire,189,20,3721,5.0
Empire 18,70,2,6260,5.0
Empire 7,93,261,16505,0.0
Empire 15,92,135,6042,0.0
Empire 20,75,29,11500,5.0
Empire 11,97,90,19536,0.0
Empire 5,89,35,11687,5.0
Empire 29,13,21,1855,5.0
Empire 22,59,74,13965,0.0
AI Empire,188,20,3588,5.0
Empire 2,96,21,10329,5.0
Empire 20,74,29,11348,5.0
Empire 29,12,21,1720,5.0
Empire 15,91,135,5931,0.0
Empire 31,4,7,1295,3.0
Empire 28,14,10,1612,5.0
Empire 1,82,32,12452,5.0
Empire 8,87,82,14108,0.0
Empire 16,88,4,8684,5.0
Empire 7,92,261,16312,0.0
Empire 18,69,2,6172,5.0
Empire 30,4,6,2089,3.0
Empire 11,96,90,19274,0.0
Empire 22,58,74,13730,0.0
AI Empire,187,20,3455,5.0
Empire 2,95,21,10194,5.0
Empire 28,13,10,1504,5.0
Empire 30,3,6,2040,2.5
Empire 13,91,8,7942,5.0
Empire 1,81,32,12294,5.0
Empire 18,68,2,6084,5.0
Empire 20,73,29,11196,5.0
Empire 11,95,90,19012,0.0
Empire 31,3,7,1265,2.5
Empire 7,91,261,16059,0.0
Empire 5,88,35,11523,5.0
AI Empire,186,20,3322,5.0
Empire 30,2,6,2021,2.0
Empire 20,72,29,11044,5.0
Empire 16,87,4,8591,5.0
Empire 8,86,82,14034,0.0
Empire 29,11,21,1585,5.0
Empire 22,57,74,13495,0.0
Empire 5,87,35,11359,5.0
Empire 15,90,135,5890,0.0
Empire 1,80,32,12136,5.0
Empire 11,94,90,18750,0.0
Empire 2,94,21,10059,5.0
AI Empire,185,20,3189,5.0
Empire 31,2,7,1235,2.0
Empire 5,86,35,11195,5.0
AI Empire,184,20,3056,5.0
Empire 2,93,21,9924,5.0
Empire 28,12,10,1396,5.0
Empire 31,1,7,1195,1.5
Empire 30,1,6,1982,1.5
Empire 16,86,4,8498,5.0
Empire 29,10,21,1450,5.0
Empire 15,89,135,5829,0.0
AI Empire,183,20,2923,5.0
Empire 8,85,82,13950,0.0
Empire 11,93,90,18488,0.0
Empire 22,56,74,13260,0.0
Empire 2,92,21,9789,5.0
Empire 29,9,21,1315,5.0
Empire 16,85,4,8405,5.0
Empire 7,90,261,15886,0.0
Empire 20,71,29,10892,5.0
Empire 5,85,35,11031,5.0
Empire 15,88,148,15841,0.0
Empire 18,67,2,5996,5.0
Empire 9,89,156,23315,0.0
Empire 28,11,10,1288,5.0
AI Empire,182,20,2790,5.0
Empire 7,89,105,20389,0.0
Empire 5,84,35,10867,5.0
Empire 28,10,10,1180,5.0
Empire 18,66,2,5908,5.0
Empire 1,79,32,11978,5.0
Empire 13,90,8,7839,5.0
AI Empire,181,20,2657,5.0
Empire 18,65,2,5820,5.0
Empire 28,9,10,1072,5.0
Empire 8,84,82,13866,0.0
Empire 13,89,8,7736,5.0
AI Empire,180,20,2524,5.0
Empire 18,64,2,5732,5.0
Empire 9,88,156,23223,0.0
AI Empire,179,20,2391,5.0
Empire 15,87,148,15489,0.0
Empire 20,70,29,10740,5.0
Empire 7,88,105,20336,0.0
Empire 9,87,156,23141,0.0
Empire 2,91,21,9654,5.0
Empire 22,55,74,13025,0.0
Empire 13,88,8,7633,5.0
Empire 18,63,2,5644,5.0
AI Empire,178,20,2258,5.0
Empire 11,92,90,18226,0.0
Empire 16,84,4,8312,5.0
Empire 13,87,8,7530,5.0
Empire 15,86,148,15137,0.0
Empire 5,83,35,10703,5.0
Empire 2,90,21,9519,5.0
Empire 8,83,82,13617,0.0
Empire 18,62,2,5556,5.0
Empire 7,87,105,20313,0.0
Empire 9,86,156,23119,0.0
Empire 22,54,74,12790,0.0
Empire 20,69,29,10588,5.0
Empire 28,8,10,964,5.0
Empire 29,8,21,1180,5.0
AI Empire,177,20,2125,5.0
Empire 7,86,105,20310,0.0
Empire 9,85,156,23047,0.0
Empire 5,82,35,10539,5.0
Empire 16,83,4,8219,5.0
Empire 22,53,74,12555,0.0
Empire 29,7,21,1045,4.5
Empire 20,68,29,10436,5.0
AI Empire,176,20,1992,5.0
Empire 1,78,32,11820,5.0
Empire 9,84,156,22925,0.0
Empire 29,6,21,910,4.0
Empire 11,91,90,17964,0.0
Empire 28,7,10,856,4.5
Empire 8,82,82,13368,0.0
Empire 18,61,2,5468,5.0
Empire 16,82,4,8126,5.0
Empire 2,89,21,9384,5.0
Empire 7,85,105,20357,0.0
AI Empire,175,20,1859,5.0
Empire 15,85,148,14785,0.0
Empire 11,90,90,17702,0.0
Empire 2,88,21,9249,5.0
Empire 20,67,29,10284,5.0
Empire 22,52,74,12320,0.0
Empire 13,86,8,7427,5.0
Empire 1,77,32,11662,5.0
Empire 7,84,105,20294,0.0
Empire 16,81,4,8033,5.0
Empire 28,6,10,748,4.0
Empire 29,5,21,775,3.5
Empire 5,81,35,10375,5.0
Empire 18,60,2,5380,5.0
Empire 8,81,82,13119,0.0
Empire 9,83,156,22923,0.0
AI Empire,174,20,1726,5.0
Empire 20,66,29,10132,5.0
Empire 11,89,90,17440,0.0
Empire 7,83,105,20251,0.0
Empire 16,80,4,7940,5.0
AI Empire,173,20,1593,5.0
Empire 13,85,8,7324,5.0
Empire 20,65,29,9980,5.0
Empire 7,82,105,20168,0.0
Empire 11,88,90,17178,0.0
Empire 22,51,74,12085,0.0
Empire 15,84,148,14433,0.0
Empire 28,5,10,640,3.5
Empire 16,79,4,7847,5.0
Empire 8,80,82,12870,0.0
Empire 29,4,21,640,3.0
Empire 2,87,21,9114,5.0
Empire 5,80,35,10211,5.0
Empire 1,76,32,11504,5.0
Empire 18,59,2,5292,5.0
AI Empire,172,20,1460,5.0
Empire 18,58,2,5204,5.0
Empire 29,3,21,505,2.5
Empire 22,50,74,11850,0.0
Empire 1,75,32,11346,5.0
Empire 9,82,156,22931,0.0
AI Empire,171,20,1327,5.0
Empire 20,64,29,9828,5.0
Empire 16,78,4,7754,5.0
Empire 2,86,21,8979,5.0
Empire 8,79,82,12621,0.0
Empire 22,49,74,11615,0.0
Empire 7,81,105,20215,0.0
Empire 13,84,8,7221,5.0
AI Empire,170,20,1194,5.0
Empire 9,81,156,22697,0.0
Empire 2,85,21,8844,5.0
AI Empire,169,20,1061,5.0
Empire 5,79,35,10047,5.0
Empire 8,78,82,12372,0.0
Empire 13,83,8,7118,5.0
Empire 11,87,90,16916,0.0
Empire 18,57,2,5116,5.0
Empire 7,80,105,19929,0.0
Empire 29,2,21,370,2.0
Empire 20,63,29,9676,5.0
Empire 28,4,10,532,3.0
AI Empire,168,20,928,5.0
Empire 15,83,148,14081,0.0
Empire 18,56,2,5028,5.0
Empire 29,1,21,235,1.5
Empire 20,62,29,9524,5.0
Empire 28,3,10,424,2.5
Empire 22,48,74,11380,0.0
AI Empire,167,20,795,5.0
Empire 18,55,2,4940,5.0
Empire 9,80,156,22333,0.0
Empire 2,84,21,8709,5.0
Empire 1,74,32,11188,5.0
Empire 11,86,90,16654,0.0
Empire 28,2,10,316,2.0
Empire 16,77,4,7661,5.0
Empire 7,79,105,19643,0.0
AI Empire,166,20,662,5.0
Empire 15,82,148,13729,0.0
Empire 11,85,90,16392,0.0
Empire 22,47,74,11145,0.0
Empire 2,83,21,8574,5.0
Empire 28,1,10,208,1.5
Empire 9,79,156,21969,0.0
Empire 8,77,82,12123,0.0
Empire 1,73,32,11030,5.0
AI Empire,165,20,529,5.0
Empire 1,72,32,10872,5.0
Empire 20,61,29,9372,5.0
Empire 8,76,82,11874,0.0
Empire 3,88,2,7841,5.0
Empire 11,84,90,16130,0.0
Empire 13,82,8,7015,5.0
AI Empire,164,16,4969,5.0
Empire 9,78,156,21605,0.0
Empire 3,87,2,7753,5.0
Empire 1,71,32,10714,5.0
Empire 7,78,105,19357,0.0
Empire 5,78,35,9883,5.0
Empire 23,31,10,3188,5.0
Empire 27,7,21,1045,4.5
Empire 22,46,74,10910,0.0
Empire 20,60,29,9220,5.0
AI Empire,163,16,4846,5.0
Empire 11,83,90,15868,0.0
Empire 7,77,105,19071,0.0
Empire 22,45,74,10675,0.0
Empire 1,70,32,10556,5.0
Empire 12,78,2,6931,5.0
Empire 27,6,21,910,4.0
Empire 9,77,156,21241,0.0
Empire 23,30,10,3080,5.0
Empire 13,81,8,6912,5.0
Empire 2,82,21,8439,5.0
Empire 5,77,35,9719,5.0
Empire 20,59,29,9068,5.0
Empire 8,75,82,11625,0.0
Empire 15,81,155,13377,0.0
Empire 16,76,4,7568,5.0
Empire 3,86,2,7665,5.0
Empire 18,54,2,4852,5.0
AI Empire,162,16,4723,5.0
Empire 27,5,21,775,3.5
Empire 12,77,2,6843,5.0
Empire 15,80,155,13196,0.0
AI Empire,161,16,4600,5.0
Empire 9,76,156,20877,0.0
Empire 27,4,21,640,3.0
Empire 11,82,90,15606,0.0
Empire 15,79,155,13015,0.0
Empire 5,76,35,9555,5.0
Empire 23,29,3,3035,5.0
Empire 13,80,8,6809,5.0
Empire 18,53,2,4764,5.0
Empire 7,76,105,18785,0.0
Empire 8,74,82,11376,0.0
Empire 12,76,2,6755,5.0
Empire 16,75,4,7475,5.0
Empire 1,69,32,10398,5.0
Empire 2,81,21,8304,5.0
Empire 20,58,29,8916,5.0
Empire 22,44,74,10440,0.0
AI Empire,160,16,4477,5.0
AI Empire,159,16,4354,5.0
Empire 16,74,4,7382,5.0
Empire 3,85,2,7577,5.0
Empire 1,68,32,10240,5.0
Empire 23,28,3,3010,5.0
Empire 22,43,74,10205,0.0
Empire 8,73,82,11127,0.0
Empire 5,75,35,9391,5.0
Empire 18,52,2,4676,5.0
Empire 9,75,156,20513,0.0
Empire 2,80,21,8169,5.0
Empire 20,57,29,8764,5.0
Empire 13,79,8,6706,5.0
Empire 7,75,105,18499,0.0
AI Empire,158,16,4231,5.0
Empire 8,72,82,10878,0.0
Empire 3,84,2,7489,5.0
Empire 15,78,155,12854,0.0
Empire 5,74,35,9227,5.0
Empire 7,74,105,18213,0.0
Empire 2,79,21,8034,5.0
Empire 1,67,32,10082,5.0
Empire 22,42,74,9970,0.0
Empire 16,73,4,7289,5.0
Empire 9,74,156,20149,0.0
Empire 11,81,90,15344,0.0
AI Empire,157,16,4108,5.0
Empire 2,78,21,7899,5.0
Empire 15,77,155,12673,0.0
Empire 20,56,29,8612,5.0
Empire 3,83,2,7401,5.0
Empire 1,66,32,9924,5.0
Empire 27,3,21,505,2.5
Empire 13,78,8,6603,5.0
Empire 5,73,35,9063,5.0
Empire 11,80,90,15082,0.0
Empire 23,27,3,2965,5.0
Empire 12,75,2,6667,5.0
Empire 22,41,74,9735,0.0
Empire 16,72,4,7196,5.0
AI Empire,156,16,3985,5.0
Empire 8,71,82,10629,0.0
Empire 11,79,90,14820,0.0
Empire 22,40,74,9500,0.0
Empire 18,51,2,4588,5.0
Empire 13,77,8,6500,5.0
Empire 2,77,21,7764,5.0
Empire 16,71,4,7103,5.0
Empire 23,26,3,2930,5.0
Empire 3,82,2,7313,5.0
Empire 1,65,32,9766,5.0
Empire 12,74,2,6579,5.0
Empire 20,55,29,8460,5.0
Empire 9,73,156,19785,0.0
AI Empire,155,16,3862,5.0
Empire 2,76,21,7629,5.0
Empire 13,76,8,6397,5.0
Empire 9,72,156,19421,0.0
Empire 20,54,29,8308,5.0
Empire 27,2,21,370,2.0
Empire 1,64,32,9608,5.0
Empire 22,39,74,9265,0.0
Empire 12,73,2,6491,5.0
Empire 3,81,2,7225,5.0
Empire 16,70,4,7010,5.0
Empire 7,73,105,17927,0.0
Empire 8,70,82,10380,0.0
Empire 11,78,90,14558,0.0
Empire 5,72,35,8899,5.0
AI Empire,154,16,3739,5.0
Empire 13,75,8,6294,5.0
Empire 18,50,2,4500,5.0
Empire 2,75,21,7494,5.0
Empire 5,71,35,8735,5.0
Empire 7,72,105,17641,0.0
Empire 12,72,2,6403,5.0
Empire 8,69,82,10131,0.0
Empire 15,76,155,12502,0.0
Empire 11,77,90,14296,0.0
AI Empire,153,16,3616,5.0
Empire 8,68,82,9882,0.0
AI Empire,152,16,3493,5.0
Empire 5,70,35,8571,5.0
Empire 27,1,21,235,1.5
Empire 3,80,2,7137,5.0
Empire 23,25,3,2885,5.0
Empire 18,49,2,4412,5.0
Empire 7,71,105,17355,0.0
Empire 9,71,156,19057,0.0
Empire 13,74,8,6191,5.0
Empire 16,69,4,6917,5.0
Empire 11,76,90,14034,0.0
AI Empire,151,16,3370,5.0
Empire 9,70,156,18693,0.0
Empire 15,75,155,12321,0.0
Empire 2,74,21,7359,5.0
Empire 7,70,105,17069,0.0
Empire 13,73,8,6088,5.0
Empire 11,75,90,13772,0.0
Empire 3,79,2,7049,5.0
Empire 20,53,29,8156,5.0
Empire 16,68,4,6824,5.0
Empire 1,63,32,9450,5.0
Empire 8,67,82,9633,0.0
Empire 26,3,21,505,2.5
Empire 23,24,3,2840,5.0
Empire 18,48,2,4324,5.0
Empire 5,69,35,8407,5.0
AI Empire,150,16,4914,5.0
Empire 3,78,2,6961,5.0
Empire 5,68,35,8243,5.0
Empire 23,23,3,2805,5.0
AI Empire,149,16,4791,5.0
AI Empire,148,16,4668,5.0
Empire 9,69,156,18329,0.0
Empire 20,52,29,8004,5.0
Empire 22,38,74,9030,0.0
Empire 23,22,3,2760,5.0
Empire 11,74,90,13510,0.0
Empire 26,2,21,370,2.0
Empire 3,77,2,6873,5.0
Empire 13,72,8,5985,5.0
Empire 8,66,82,9384,0.0
Empire 18,47,2,4236,5.0
Empire 15,74,155,12150,0.0
AI Empire,147,16,4545,5.0
Empire 1,62,32,9292,5.0
Empire 2,73,21,7224,5.0
Empire 12,71,2,6315,5.0
Empire 7,69,105,16783,0.0
Empire 15,73,155,11969,0.0
Empire 3,76,2,6785,5.0
Empire 11,73,90,13248,0.0
AI Empire,146,16,4422,5.0
Empire 12,70,2,6227,5.0
Empire 8,65,82,9135,0.0
Empire 23,21,3,2715,5.0
Empire 22,37,74,8795,0.0
Empire 16,67,4,6731,5.0
Empire 15,72,155,11788,0.0
Empire 9,68,156,17965,0.0
Empire 1,61,32,9134,5.0
Empire 3,75,2,6697,5.0
Empire 2,72,21,7089,5.0
Empire 7,68,105,16497,0.0
AI Empire,145,16,4299,5.0
Empire 13,71,8,5882,5.0
Empire 3,74,2,6609,5.0
Empire 2,71,21,6954,5.0
Empire 15,71,155,11607,0.0
Empire 20,51,29,7852,5.0
Empire 18,46,2,4148,5.0
Empire 1,60,32,8976,5.0
Empire 16,66,4,6638,5.0
Empire 23,20,3,2670,5.0
AI Empire,144,16,4176,5.0
Empire 13,70,8,5779,5.0
AI Empire,143,16,4053,5.0
Empire 20,50,29,7700,5.0
Empire 12,69,2,6139,5.0
Empire 1,59,32,8818,5.0
AI Empire,142,16,3930,5.0
Empire 3,73,2,6521,5.0
Empire 1,58,32,8660,5.0
Empire 2,70,21,6819,5.0
Empire 5,67,35,8079,5.0
Empire 22,36,74,8560,0.0
Empire 16,65,4,6545,5.0
Empire 23,19,3,2625,5.0
Empire 20,49,29,7548,5.0
AI Empire,141,16,3807,5.0
Empire 15,70,155,11426,0.0
AI Empire,140,16,3684,5.0
Empire 26,1,21,235,1.5
Empire 2,69,21,6684,5.0
Empire 22,35,74,8325,0.0
Empire 11,72,90,12986,0.0
Empire 8,64,82,8886,0.0
Empire 7,67,105,16211,0.0
Empire 5,66,35,7915,5.0
Empire 9,67,156,17601,0.0
AI Empire,139,16,3561,5.0
Empire 8,63,79,8764,0.0
Empire 23,18,3,2580,5.0
AI Empire,138,16,3438,5.0
Empire 3,72,2,6433,5.0
Empire 9,66,156,17237,0.0
Empire 1,57,32,8502,5.0
Empire 25,6,21,910,4.0
Empire 5,65,35,7751,5.0
Empire 7,66,105,15925,0.0
Empire 11,71,93,12734,0.0
Empire 13,69,8,5676,5.0
Empire 12,68,2,6051,5.0
Empire 18,45,2,4060,5.0
Empire 20,48,29,7396,5.0
Empire 2,68,21,6549,5.0
Empire 22,34,74,8090,0.0
Empire 16,64,4,6452,5.0
Empire 8,62,79,8672,0.0
Empire 15,69,155,11255,0.0
AI Empire,137,16,4950,5.0
Empire 23,17,3,2555,5.0
Empire 2,67,21,6414,5.0
Empire 8,61,79,8550,0.0
Empire 20,47,29,7244,5.0
Empire 22,33,74,7855,0.0
AI Empire,136,16,4827,5.0
AI Empire,135,16,4704,5.0
Empire 20,46,29,7092,5.0
Empire 18,44,2,3972,5.0
Empire 25,5,21,775,3.5
Empire 11,70,93,12631,0.0
Empire 9,65,156,16873,0.0
Empire 12,67,2,5963,5.0
Empire 16,63,4,6359,5.0
AI Empire,134,16,4581,5.0
Empire 20,45,29,6940,5.0
Empire 23,16,3,2510,5.0
Empire 2,66,21,6279,5.0
Empire 25,4,21,640,3.0
Empire 11,69,93,12518,0.0
Empire 7,65,105,15639,0.0
Empire 12,66,2,5875,5.0
Empire 3,71,2,6345,5.0
Empire 13,68,8,5573,5.0
AI Empire,133,16,4458,5.0
Empire 25,3,21,505,2.5
Empire 9,64,156,16509,0.0
Empire 7,64,105,15353,0.0
Empire 16,62,4,6266,5.0
Empire 18,43,2,3884,5.0
Empire 20,44,29,6788,5.0
Empire 1,56,32,8344,5.0
Empire 13,67,8,5470,5.0
Empire 23,15,3,2475,5.0
Empire 8,60,79,8468,0.0
AI Empire,132,16,4335,5.0
Empire 25,2,21,370,2.0
Empire 16,61,4,6173,5.0
Empire 15,68,155,11094,0.0
Empire 9,63,156,16145,0.0
Empire 7,63,105,15067,0.0
Empire 5,64,35,7587,5.0
Empire 23,14,3,2440,5.0
Empire 13,66,8,5367,5.0
Empire 2,65,21,6144,5.0
Empire 22,32,74,7620,0.0
Empire 3,70,2,6257,5.0
Empire 11,68,93,12395,0.0
Empire 18,42,2,3796,5.0
AI Empire,131,16,4212,5.0
Empire 8,59,79,8356,0.0
Empire 13,65,8,5264,5.0
Empire 22,31,74,7385,0.0
Empire 7,62,105,14781,0.0
Empire 11,67,93,12282,0.0
Empire 20,43,29,6636,5.0
Empire 16,60,4,6080,5.0
Empire 25,1,21,235,1.5
Empire 3,69,2,6169,5.0
Empire 23,13,3,2395,5.0
Empire 2,64,21,6009,5.0
Empire 9,62,156,15781,0.0
Empire 5,63,35,7423,5.0
Empire 12,65,2,5787,5.0
AI Empire,130,16,4089,5.0
Empire 9,61,156,15417,0.0
Empire 18,41,2,3708,5.0
Empire 16,59,4,5987,5.0
Empire 2,63,21,5874,5.0
Empire 20,42,29,6484,5.0
Empire 23,12,3,2350,5.0
Empire 7,61,105,14495,0.0
AI Empire,129,16,3966,5.0
Empire 3,68,2,6081,5.0
Empire 22,30,74,7150,0.0
Empire 12,64,2,5699,5.0
Empire 15,67,155,10923,0.0
Empire 18,40,2,3620,5.0
Empire 5,62,35,7259,5.0
Empire 1,55,32,8186,5.0
Empire 8,58,79,8254,0.0
Empire 2,62,21,5739,5.0
Empire 16,58,4,5894,5.0
Empire 9,60,156,15053,0.0
Empire 11,66,93,12169,0.0
Empire 20,41,29,6332,5.0
Empire 7,60,105,14209,0.0
Empire 23,11,3,2305,5.0
AI Empire,128,37,3798,5.0
Empire 1,54,32,8028,5.0
Empire 23,10,3,2260,5.0
Empire 15,66,155,10742,0.0
Empire 9,59,156,14689,0.0
AI Empire,127,37,3630,5.0
Empire 5,61,35,7095,5.0
Empire 3,67,2,5993,5.0
Empire 16,57,4,5801,5.0
Empire 8,57,79,8152,0.0
Empire 7,59,105,13923,0.0
Empire 12,63,2,5611,5.0
Empire 15,65,155,10581,0.0
Empire 11,65,93,12066,0.0
Empire 23,9,3,2235,5.0
Empire 2,61,21,5604,5.0
Empire 18,39,2,3532,5.0
AI Empire,126,37,3462,5.0
Empire 8,56,79,8050,0.0
Empire 1,53,32,7870,5.0
Empire 18,38,2,3444,5.0
Empire 16,56,4,5708,5.0
Empire 5,60,35,6931,5.0
Empire 20,40,29,6180,5.0
Empire 12,62,2,5523,5.0
Empire 3,66,2,5905,5.0
Empire 11,64,93,11943,0.0
Empire 22,29,74,6915,0.0
Empire 13,64,8,5161,5.0
Empire 7,58,105,13637,0.0
Empire 15,64,155,10400,0.0
Empire 24,4,21,640,3.0
Empire 2,60,21,5469,5.0
Empire 23,8,3,2190,5.0
AI Empire,125,16,4930,5.0
Empire 20,39,29,6028,5.0
Empire 8,55,79,7958,0.0
Empire 22,28,74,6680,0.0
Empire 15,63,155,10219,0.0
Empire 12,61,2,5435,5.0
Empire 16,55,4,5615,5.0
Empire 23,7,3,2145,4.5
Empire 18,37,2,3356,5.0
Empire 3,65,2,5817,5.0
Empire 13,63,8,5058,5.0
Empire 24,3,21,505,2.5
Empire 1,52,32,7712,5.0
Empire 11,63,93,11840,0.0
Empire 9,58,156,14325,0.0
Empire 7,57,105,13351,0.0
Empire 5,59,35,6767,5.0
Empire 2,59,21,5334,5.0
AI Empire,124,16,4807,5.0
Empire 9,57,156,13961,0.0
Empire 13,62,8,4955,5.0
Empire 18,36,2,3268,5.0
Empire 12,60,2,5347,5.0
Empire 2,58,21,5199,5.0
Empire 8,54,79,7856,0.0
Empire 23,6,3,2100,4.0
Empire 3,64,2,5729,5.0
Empire 11,62,93,11727,0.0
Empire 20,38,29,5876,5.0
Empire 15,62,155,10038,0.0
Empire 16,54,4,5522,5.0
AI Empire,123,16,4684,5.0
Empire 13,61,8,4852,5.0
Empire 23,5,3,2055,3.5
Empire 22,27,74,6445,0.0
Empire 3,63,2,5641,5.0
Empire 12,59,2,5259,5.0
Empire 14,55,3,5004,5.0
Empire 20,37,29,5724,5.0
Empire 11,61,93,11614,0.0
Empire 9,56,156,13597,0.0
Empire 7,56,105,13065,0.0
AI Empire,122,16,4561,5.0
Empire 24,2,21,370,2.0
Empire 9,55,156,13233,0.0
Empire 7,55,105,12779,0.0
Empire 5,58,35,6603,5.0
Empire 8,53,79,7764,0.0
Empire 13,60,8,4749,5.0
Empire 16,53,4,5429,5.0
Empire 3,62,2,5553,5.0
AI Empire,121,16,4438,5.0
Empire 2,57,18,6996,5.0
Empire 5,57,35,6439,5.0
Empire 18,35,2,3180,5.0
Empire 20,36,29,5572,5.0
Empire 23,4,3,2010,3.0
Empire 9,54,156,12869,0.0
Empire 14,54,3,4914,5.0
Empire 15,61,155,9867,0.0
Empire 16,52,4,5336,5.0
Empire 22,26,74,6210,0.0
AI Empire,120,16,4315,5.0
Empire 7,54,105,12493,0.0
Empire 3,61,2,5465,5.0
Empire 15,60,155,9696,0.0
Empire 24,1,21,235,1.5
Empire 11,60,93,11481,0.0
Empire 1,51,32,7554,5.0
Empire 20,35,29,5420,5.0
Empire 12,58,2,5171,5.0
Empire 8,52,79,7662,0.0
Empire 2,56,18,6868,5.0
Empire 18,34,2,3092,5.0
Empire 23,3,3,1985,2.5
Empire 14,53,3,4824,5.0
Empire 16,51,4,5243,5.0
Empire 9,53,155,12506,0.0
Empire 22,25,74,5975,0.0
AI Empire,119,16,4192,5.0
Empire 13,59,8,4646,5.0
Empire 2,55,18,6740,5.0
AI Empire,118,16,4069,5.0
Empire 7,53,105,12207,0.0
Empire 13,58,8,4543,5.0
Empire 11,59,93,11368,0.0
Empire 3,60,2,5377,5.0
Empire 18,33,2,3004,5.0
Empire 14,52,3,4734,5.0
Empire 22,24,74,5740,0.0
Empire 15,59,155,9525,0.0
Empire 12,57,2,5083,5.0
Empire 1,50,32,7396,5.0
AI Empire,117,16,3946,5.0
Empire 5,56,35,6275,5.0
AI Empire,116,16,3823,5.0
Empire 14,51,3,4644,5.0
Empire 7,52,105,11921,0.0
Empire 11,58,93,11255,0.0
Empire 22,23,74,5505,0.0
Empire 23,2,3,1960,2.0
Empire 18,32,2,2916,5.0
Empire 3,59,2,5289,5.0
Empire 20,34,29,5268,5.0
Empire 8,51,79,7570,0.0
Empire 5,55,35,6111,5.0
Empire 2,54,18,6612,5.0
AI Empire,115,16,3700,5.0
Empire 16,50,4,5150,5.0
Empire 11,57,93,11132,0.0
AI Empire,114,16,3577,5.0
Empire 16,49,4,5057,5.0
Empire 2,53,18,6484,5.0
Empire 5,54,35,5947,5.0
AI Empire,113,16,3454,5.0
Empire 8,50,79,7458,0.0
Empire 22,22,74,5270,0.0
Empire 9,52,155,12143,0.0
Empire 18,31,2,2828,5.0
Empire 21,26,17,3350,5.0
Empire 12,56,2,4995,5.0
Empire 1,49,32,7238,5.0
Empire 3,58,2,5201,5.0
Empire 23,1,3,1915,1.5
Empire 14,50,3,4554,5.0
Empire 7,51,105,11635,0.0
Empire 5,53,35,5783,5.0
AI Empire,112,16,4970,5.0
Empire 8,49,79,7336,0.0
Empire 13,57,8,4440,5.0
Empire 15,58,155,9354,0.0
Empire 7,50,105,11349,0.0
Empire 5,52,35,5619,5.0
Empire 2,52,17,6356,5.0
Empire 22,21,74,5035,0.0
Empire 14,49,3,4464,5.0
Empire 12,55,2,4907,5.0
Empire 16,48,9,4994,5.0
Empire 1,48,32,7080,5.0
Empire 20,33,29,5116,5.0
AI Empire,111,16,4847,5.0
Empire 11,56,93,11009,0.0
Empire 8,48,79,7214,0.0
Empire 1,47,32,6922,5.0
AI Empire,110,16,4724,5.0
Empire 9,51,155,11780,0.0
Empire 8,47,79,7102,0.0
Empire 2,51,17,6231,5.0
Empire 20,32,29,4964,5.0
Empire 11,55,93,10906,0.0
Empire 22,20,74,4800,0.0
Empire 15,57,158,15224,0.0
Empire 14,48,3,4374,5.0
Empire 5,51,34,5457,5.0
Empire 21,25,17,3225,5.0
Empire 1,46,32,6764,5.0
Empire 16,47,9,4889,5.0
AI Empire,109,16,4601,5.0
Empire 2,50,17,6106,5.0
Empire 3,57,2,5113,5.0
AI Empire,108,16,4478,5.0
Empire 5,50,33,5297,5.0
Empire 1,45,32,6606,5.0
AI Empire,107,16,4355,5.0
Empire 20,31,29,4812,5.0
Empire 15,56,158,14857,0.0
Empire 1,44,32,6448,5.0
AI Empire,106,16,4232,5.0
Empire 13,56,8,4337,5.0
Empire 9,50,155,11417,0.0
Empire 3,56,2,5025,5.0
Empire 7,49,105,11063,0.0
AI Empire,105,16,4109,5.0
Empire 12,54,2,4819,5.0
Empire 8,46,79,7000,0.0
Empire 14,47,3,4284,5.0
Empire 15,55,158,14490,0.0
Empire 9,49,154,11056,0.0
Empire 3,55,2,4937,5.0
Empire 5,49,33,5137,5.0
Empire 2,49,17,5981,5.0
Empire 21,24,17,3100,5.0
Empire 7,48,105,10777,0.0
Empire 13,55,8,4234,5.0
AI Empire,104,16,3986,5.0
Empire 18,30,2,2740,5.0
Empire 2,48,17,5856,5.0
Empire 22,19,74,4565,0.0
Empire 11,54,93,10783,0.0
Empire 14,46,3,4194,5.0
AI Empire,103,16,3863,5.0
Empire 11,53,93,10650,0.0
Empire 16,46,9,4784,5.0
Empire 5,48,33,4977,5.0
Empire 15,54,157,14125,0.0
Empire 21,23,17,2975,5.0
Empire 12,53,2,4731,5.0
Empire 9,48,153,10696,0.0
Empire 3,54,2,4849,5.0
AI Empire,102,16,3740,5.0
Empire 12,52,2,4643,5.0
Empire 16,45,9,4679,5.0
Empire 22,18,74,4330,0.0
Empire 13,54,8,4131,5.0
Empire 2,47,17,5731,5.0
Empire 18,29,2,2652,5.0
Empire 7,47,105,10491,0.0
Empire 15,53,157,13760,0.0
Empire 21,22,17,2850,5.0
Empire 20,30,29,4660,5.0
Empire 9,47,152,10338,0.0
Empire 3,53,2,4761,5.0
AI Empire,101,16,3699,5.0
Empire 14,45,3,4104,5.0
Empire 18,28,2,2564,5.0
Empire 13,53,8,4080,5.0
Empire 5,47,33,4817,5.0
Empire 3,52,2,4673,5.0
Empire 8,45,79,6908,0.0
Empire 2,46,17,5606,5.0
Empire 15,52,155,13397,0.0
Empire 9,46,150,9983,0.0
Empire 22,17,74,4095,0.0
AI Empire,100,16,3658,5.0
Empire 3,51,2,4585,5.0
Empire 20,29,29,4508,5.0
Empire 7,46,105,10205,0.0
Empire 1,43,32,6290,5.0
Empire 13,52,8,4029,5.0
AI Empire,99,16,3617,5.0
Empire 20,28,29,4356,5.0
Empire 22,16,74,3860,0.0
Empire 2,45,17,5481,5.0
Empire 12,51,2,4555,5.0
Empire 7,45,105,9919,0.0
Empire 15,51,153,13037,0.0
Empire 13,51,8,3978,5.0
Empire 9,45,146,9634,0.0
Empire 8,44,79,6786,0.0
Empire 3,50,2,4497,5.0
Empire 1,42,32,6132,5.0
Empire 21,21,17,2725,5.0
AI Empire,98,16,3576,5.0
Empire 15,50,151,12680,0.0
Empire 9,44,144,9288,0.0
Empire 5,46,33,4737,5.0
Empire 22,15,74,3625,0.0
Empire 20,27,29,4204,5.0
Empire 7,44,104,9634,0.0
Empire 21,20,17,2600,5.0
Empire 12,50,2,4467,5.0
Empire 14,44,3,4014,5.0
Empire 3,49,2,4409,5.0
Empire 11,52,93,10547,0.0
Empire 2,44,17,5356,5.0
Empire 16,44,9,4574,5.0
AI Empire,97,16,3535,5.0
Empire 9,43,141,8946,0.0
Empire 2,43,17,5231,5.0
Empire 1,41,32,5974,5.0
Empire 5,45,33,4657,5.0
Empire 13,50,8,3927,5.0
Empire 15,49,150,12325,0.0
Empire 3,48,2,4321,5.0
Empire 20,26,29,4052,5.0
AI Empire,96,16,3494,5.0
Empire 16,43,9,4469,5.0
Empire 3,47,2,4233,5.0
Empire 22,14,74,3390,0.0
Empire 1,40,32,5816,5.0
Empire 9,42,139,8607,0.0
Empire 15,48,150,11970,0.0
Empire 11,51,93,10414,0.0
Empire 20,25,29,3900,5.0
Empire 5,44,33,4577,5.0
AI Empire,95,16,3453,5.0
Empire 8,43,79,6694,0.0
Empire 5,43,33,4497,5.0
Empire 15,47,150,11615,0.0
Empire 14,43,3,3924,5.0
Empire 3,46,2,4145,5.0
Empire 13,49,8,3876,5.0
Empire 2,42,17,5106,5.0
Empire 11,50,93,10311,0.0
Empire 12,49,2,4379,5.0
Empire 16,42,9,4364,5.0
Empire 18,27,2,2476,5.0
Empire 20,24,29,3748,5.0
AI Empire,94,16,3412,5.0
Empire 3,45,2,4057,5.0
Empire 20,23,29,3596,5.0
Empire 18,26,2,2388,5.0
AI Empire,93,16,3371,5.0
Empire 1,39,32,5658,5.0
Empire 2,41,17,4981,5.0
Empire 22,13,74,3155,0.0
Empire 5,42,33,4417,5.0
Empire 21,19,17,2475,5.0
Empire 11,49,93,10208,0.0
AI Empire,92,16,3330,5.0
Empire 3,44,2,3969,5.0
Empire 18,25,2,2300,5.0
Empire 2,40,17,4856,5.0
Empire 14,42,3,3834,5.0
Empire 12,48,2,4291,5.0
Empire 22,12,74,2920,0.0
Empire 21,18,17,2350,5.0
Empire 7,43,104,9349,0.0
Empire 8,42,79,6632,0.0
Empire 5,41,33,4337,5.0
AI Empire,91,16,3289,5.0
Empire 18,24,2,2212,5.0
Empire 14,41,3,3744,5.0
Empire 5,40,33,4257,5.0
Empire 20,22,29,3444,5.0
Empire 22,11,74,2685,0.0
Empire 15,46,150,11260,0.0
Empire 2,39,17,4731,5.0
Empire 8,41,79,6510,0.0
Empire 3,43,2,3881,5.0
AI Empire,90,16,3248,5.0
Empire 22,10,74,2450,0.0
Empire 3,42,2,3793,5.0
Empire 20,21,29,3292,5.0
Empire 15,45,150,10905,0.0
Empire 11,48,93,10105,0.0
AI Empire,89,16,3207,5.0
Empire 22,9,74,2215,0.0
Empire 21,17,17,2225,5.0
Empire 8,40,79,6418,0.0
Empire 13,48,8,3825,5.0
AI Empire,88,16,3166,5.0
Empire 13,47,8,3774,5.0
Empire 22,8,74,1980,0.0
AI Empire,87,16,3125,5.0
Empire 12,47,2,4203,5.0
Empire 3,41,2,3705,5.0
Empire 9,41,136,8273,0.0
Empire 15,44,149,10551,0.0
Empire 14,40,3,3654,5.0
Empire 7,42,103,9066,0.0
Empire 11,47,93,10002,0.0
AI Empire,86,16,3084,5.0
Empire 20,20,29,3140,5.0
AI Empire,85,16,3043,5.0
Empire 16,41,9,4259,5.0
Empire 18,23,2,2124,5.0
Empire 12,46,2,4115,5.0
Empire 9,40,133,7943,0.0
Empire 11,46,93,9869,0.0
Empire 20,19,29,2988,5.0
Empire 22,7,74,1745,0.0
AI Empire,84,16,3002,5.0
Empire 3,40,2,3617,5.0
Empire 15,43,147,10200,0.0
Empire 14,39,3,3564,5.0
Empire 22,6,74,1510,0.0
Empire 7,41,103,8783,0.0
Empire 5,39,33,4177,5.0
Empire 21,16,17,2100,5.0
Empire 8,39,79,6336,0.0
Empire 11,45,93,9766,0.0
Empire 12,45,2,4027,5.0
AI Empire,83,16,2961,5.0
Empire 21,15,17,1975,5.0
Empire 18,22,2,2036,5.0
Empire 15,42,145,9852,0.0
Empire 13,46,8,3723,5.0
Empire 9,39,130,7618,0.0
Empire 20,18,29,2836,5.0
Empire 2,38,17,4606,5.0
Empire 3,39,2,3529,5.0
AI Empire,82,16,2920,5.0
Empire 8,38,79,6224,0.0
Empire 13,45,8,3672,5.0
Empire 18,21,2,1948,5.0
Empire 20,17,29,2684,5.0
Empire 5,38,33,4097,5.0
AI Empire,81,16,2879,5.0
Empire 22,5,74,1275,0.0
Empire 9,38,126,7299,0.0
Empire 18,20,2,1860,5.0
Empire 2,37,17,4481,5.0
Empire 14,38,3,3474,5.0
Empire 8,37,79,6132,0.0
Empire 12,44,2,3939,5.0
Empire 13,44,8,3621,5.0
Empire 3,38,2,3441,5.0
Empire 5,37,33,4017,5.0
Empire 21,14,17,1850,5.0
Empire 20,16,29,2532,5.0
Empire 1,38,32,5500,5.0
Empire 16,40,9,4154,5.0
Empire 11,44,93,9683,0.0
Empire 15,41,144,9506,0.0
Empire 7,40,101,8503,0.0
AI Empire,80,16,2838,5.0
Empire 18,19,2,1772,5.0
Empire 15,40,143,9161,0.0
Empire 21,13,17,1725,5.0
Empire 12,43,2,3851,5.0
Empire 8,36,79,6060,0.0
Empire 11,43,93,9456,0.0
Empire 16,39,9,4049,5.0
Empire 20,15,29,2380,5.0
Empire 14,37,3,3384,5.0
Empire 13,43,8,3570,5.0
Empire 2,36,17,4356,5.0
Empire 1,37,32,5342,5.0
AI Empire,79,16,2797,5.0
Empire 5,36,33,3937,5.0
Empire 16,38,9,3944,5.0
Empire 9,37,125,6981,0.0
Empire 1,36,32,5184,5.0
Empire 18,18,2,1684,5.0
Empire 8,35,79,5816,0.06000000000000005
Empire 11,42,93,9189,0.0
Empire 12,42,2,3763,5.0
Empire 14,36,3,3294,5.0
Empire 15,39,141,8819,0.0
Empire 22,4,74,1040,0.0
Empire 2,35,17,4231,5.0
Empire 20,14,29,2228,5.0
Empire 7,39,100,8225,0.0
AI Empire,78,16,2756,5.0
Empire 9,36,122,6668,0.0
Empire 5,35,33,3857,5.0
Empire 3,37,2,3353,5.0
Empire 13,42,8,3519,5.0
Empire 1,35,32,5026,5.0
Empire 11,41,93,8922,0.0
AI Empire,77,16,2715,5.0
Empire 18,17,2,1596,5.0
Empire 3,36,2,3265,5.0
Empire 2,34,17,4106,5.0
Empire 11,40,93,8655,0.0
Empire 12,41,2,3675,5.0
Empire 15,38,140,8479,0.0
Empire 13,41,8,3468,5.0
Empire 20,13,29,2076,5.0
AI Empire,76,16,2674,5.0
Empire 14,35,3,3204,5.0
Empire 8,34,79,5572,0.56
Empire 15,37,140,8139,0.0
Empire 22,3,74,805,0.0
Empire 21,12,17,1600,5.0
Empire 16,37,9,3839,5.0
Empire 18,16,2,1508,5.0
Empire 12,40,2,3587,5.0
Empire 20,12,29,1924,5.0
Empire 1,34,32,4868,5.0
Empire 7,38,99,7948,0.0
Empire 11,39,92,8390,0.0
Empire 3,35,2,3177,5.0
Empire 13,40,8,3417,5.0
Empire 2,33,17,3981,5.0
Empire 9,35,120,6358,0.0
AI Empire,75,16,2633,5.0
Empire 8,33,79,5328,1.06
Empire 13,39,8,3366,5.0
Empire 22,2,74,570,0.0
Empire 18,15,2,1420,5.0
Empire 2,32,17,3856,5.0
Empire 3,34,2,3089,5.0
Empire 7,37,98,7673,0.0
Empire 14,34,3,3114,5.0
Empire 11,38,92,8125,0.0
Empire 15,36,139,7800,0.0
Empire 20,11,29,1772,5.0
Empire 5,34,33,3777,5.0
Empire 16,36,9,3734,5.0
Empire 1,33,32,4710,5.0
Empire 9,34,118,6051,0.0
Empire 21,11,17,1475,5.0
Empire 12,39,2,3499,5.0
AI Empire,74,16,2592,5.0
Empire 22,1,74,335,0.5
AI Empire,73,16,2551,5.0
Empire 9,33,115,5749,0.0
Empire 3,33,2,3001,5.0
Empire 20,10,29,1620,5.0
Empire 7,36,98,7398,0.0
Empire 8,32,78,5086,1.56
Empire 1,32,32,4552,5.0
Empire 13,38,8,3315,5.0
Empire 16,35,9,3629,5.0
Empire 15,35,137,7464,0.0
Empire 21,10,17,1350,5.0
Empire 5,33,33,3697,5.0
Empire 14,33,3,3024,5.0
Empire 11,37,92,7860,0.0
AI Empire,72,16,2510,5.0
Empire 7,35,97,7125,0.0
Empire 18,14,2,1332,5.0
Empire 21,9,17,1225,5.0
Empire 16,34,9,3524,5.0
Empire 13,37,8,3264,5.0
Empire 14,32,3,2934,5.0
Empire 1,31,32,4394,5.0
Empire 3,32,2,2913,5.0
AI Empire,71,90,2423,5.0
Empire 21,8,17,1100,5.0
Empire 18,13,2,1244,5.0
Empire 3,31,2,2825,5.0
Empire 12,38,2,3411,5.0
Empire 5,32,33,3617,5.0
AI Empire,70,90,2336,5.0
Empire 8,31,77,4846,2.06
Empire 21,7,17,975,4.5
Empire 14,31,3,2844,5.0
Empire 11,36,92,7595,0.0
Empire 18,12,2,1156,5.0
Empire 2,31,17,3731,5.0
Empire 20,9,29,1468,4.6
Empire 16,33,9,3419,5.0
Empire 13,36,8,3213,5.0
Empire 3,30,2,2737,5.0
Empire 7,34,95,6855,0.0
Empire 12,37,2,3323,5.0
Empire 15,34,136,7130,0.0
Empire 1,30,32,4236,5.0
AI Empire,69,90,2249,5.0
Empire 7,33,93,6588,0.0
Empire 8,30,76,4608,2.56
Empire 13,35,8,3162,5.0
Empire 5,31,33,3537,5.0
Empire 1,29,32,4078,5.0
Empire 11,35,92,7330,0.0
Empire 12,36,2,3235,5.0
Empire 20,8,29,1316,4.199999999999999
Empire 2,30,17,3606,5.0
AI Empire,68,90,2162,5.0
Empire 3,29,2,2649,5.0
Empire 18,11,2,1068,5.0
Empire 2,29,17,3481,5.0
Empire 12,35,2,3147,5.0
Empire 11,34,92,7065,0.0
Empire 5,30,33,3457,5.0
Empire 14,30,3,2754,5.0
Empire 21,6,17,850,4.0
Empire 15,33,133,6800,0.0
Empire 8,29,73,4375,3.04
Empire 16,32,9,3314,5.0
Empire 20,7,29,1164,3.7999999999999994
Empire 1,28,32,3920,5.0
Empire 13,34,8,3111,5.0
Empire 7,32,93,6321,0.0
AI Empire,67,90,2075,5.0
Empire 2,28,17,3356,5.0
Empire 5,29,33,3377,5.0
Empire 9,32,110,5455,0.3600000000000003
Empire 21,5,17,725,3.5
Empire 14,29,3,2664,5.0
Empire 20,6,29,1012,3.3999999999999995
Empire 16,31,9,3209,5.0
Empire 3,28,2,2561,5.0
Empire 11,33,92,6800,0.0
Empire 12,34,2,3059,5.0
Empire 18,10,2,980,5.0
Empire 1,27,32,3762,5.0
Empire 8,28,70,4147,3.46
Empire 15,32,132,6472,0.0
AI Empire,66,90,1988,5.0
Empire 2,27,17,3231,5.0
Empire 16,30,9,3104,5.0
Empire 14,28,3,2574,5.0
Empire 12,33,2,2971,5.0
Empire 7,31,92,6056,0.0
Empire 18,9,2,892,5.0
Empire 11,32,92,6535,0.0
Empire 9,31,103,5172,0.8600000000000003
Empire 3,27,2,2473,5.0
AI Empire,65,90,1901,5.0
Empire 16,29,9,2999,5.0
Empire 20,5,29,860,2.9999999999999996
Empire 2,26,17,3106,5.0
Empire 7,30,91,5792,0.0
Empire 12,32,2,2883,5.0
Empire 15,31,130,6147,0.0
Empire 9,30,97,4899,1.3600000000000003
Empire 11,31,92,6270,0.0
Empire 13,33,8,3060,5.0
Empire 3,26,2,2385,5.0
Empire 8,27,67,3924,3.8200000000000003
Empire 18,8,2,804,5.0
Empire 21,4,17,600,3.0
Empire 14,27,3,2484,5.0
Empire 1,26,32,3604,5.0
AI Empire,64,90,1814,5.0
Empire 12,31,2,2795,5.0
AI Empire,63,90,1727,5.0
AI Empire,62,90,1640,5.0
Empire 18,7,2,716,4.5
Empire 15,30,128,5825,0.0
Empire 21,3,17,475,2.5
Empire 16,28,9,2894,5.0
Empire 20,4,29,708,2.5999999999999996
Empire 7,29,89,5532,0.0
Empire 9,29,93,4632,1.8600000000000003
Empire 13,32,8,3009,5.0
Empire 5,28,33,3297,5.0
Empire 12,30,2,2707,5.0
Empire 14,26,3,2394,5.0
Empire 1,25,32,3446,5.0
AI Empire,61,90,1553,5.0
Empire 16,27,9,2789,5.0
Empire 3,25,2,2297,5.0
Empire 20,3,29,556,2.1999999999999997
Empire 11,30,92,6005,0.0
Empire 21,2,17,350,2.0
Empire 15,29,127,5504,0.0
Empire 13,31,8,2958,5.0
Empire 9,28,87,4375,2.3600000000000003
Empire 14,25,3,2304,5.0
Empire 1,24,32,3288,5.0
Empire 2,25,17,2981,5.0
Empire 8,26,63,3708,4.1000000000000005
Empire 5,27,33,3217,5.0
Empire 7,28,88,5273,0.0
AI Empire,60,90,1466,5.0
Empire 2,24,17,2856,5.0
Empire 5,26,33,3137,5.0
Empire 15,28,125,5186,0.0
Empire 13,30,8,2907,5.0
Empire 11,29,90,5743,0.0
Empire 9,27,81,4128,2.8600000000000003
Empire 18,6,2,628,4.0
Empire 3,24,2,2209,5.0
Empire 16,26,9,2684,5.0
AI Empire,59,90,1379,5.0
Empire 2,23,17,2731,5.0
Empire 16,25,9,2579,5.0
Empire 21,1,17,225,1.5
Empire 9,26,76,3890,3.3600000000000003
Empire 14,24,3,2214,5.0
Empire 3,23,2,2121,5.0
Empire 5,25,33,3057,5.0
Empire 18,5,2,540,3.5
Empire 15,27,120,4876,0.040000000000000036
Empire 12,29,2,2619,5.0
Empire 11,28,89,5483,0.0
Empire 7,27,87,5016,0.0
Empire 20,2,29,404,1.7999999999999998
Empire 1,23,32,3130,5.0
Empire 8,25,61,3496,4.340000000000001
AI Empire,58,90,1292,5.0
Empire 14,23,3,2124,5.0
Empire 12,28,2,2531,5.0
Empire 20,1,29,252,1.4
AI Empire,57,90,1205,5.0
Empire 11,27,89,5223,0.0
Empire 5,24,33,2977,5.0
Empire 12,27,2,2443,5.0
Empire 9,25,72,3658,3.8200000000000003
Empire 13,29,8,2856,5.0
Empire 2,22,17,2606,5.0
AI Empire,56,90,1118,5.0
Empire 7,26,85,4762,0.0
Empire 8,24,60,3285,4.5600000000000005
Empire 12,26,2,2355,5.0
Empire 16,24,9,2474,5.0
Empire 1,22,34,2992,5.0
Empire 4,25,16,2795,5.0
Empire 13,28,9,2815,5.0
Empire 19,4,25,676,2.92
Empire 11,26,89,4963,0.0
AI Empire,55,16,4983,5.0
Empire 9,24,68,3433,4.2
Empire 13,27,9,2710,5.0
Empire 15,26,115,4574,0.54
Empire 3,22,2,2033,5.0
Empire 19,3,25,532,2.44
Empire 6,24,58,3527,4.4
Empire 1,21,34,2830,5.0
Empire 5,23,35,2917,5.0
Empire 8,23,59,3076,4.760000000000001
Empire 4,24,16,2672,5.0
Empire 2,21,17,2481,5.0
Empire 11,25,89,4703,0.0
Empire 18,4,2,452,3.0
AI Empire,54,16,4860,5.0
Empire 7,25,84,4510,0.0
Empire 4,23,16,2549,5.0
Empire 3,21,2,1945,5.0
Empire 15,25,111,4278,1.04
Empire 14,22,3,2034,5.0
Empire 16,23,9,2369,5.0
Empire 12,25,2,2267,5.0
Empire 13,26,9,2605,5.0
AI Empire,53,16,4737,5.0
Empire 3,20,2,1857,5.0
Empire 16,22,9,2264,5.0
AI Empire,52,16,4614,5.0
Empire 12,24,2,2179,5.0
AI Empire,51,16,4491,5.0
Empire 9,23,64,3215,4.5
Empire 6,23,58,3320,4.58
AI Empire,50,16,4368,5.0
Empire 6,22,57,3115,4.74
Empire 13,25,9,2500,5.0
Empire 4,22,16,2426,5.0
Empire 8,22,55,2874,4.880000000000001
Empire 3,19,2,1769,5.0
AI Empire,49,16,4245,5.0
AI Empire,48,16,4122,5.0
Empire 5,22,35,2753,5.0
Empire 11,24,88,4444,0.0
Empire 1,20,34,2668,5.0
Empire 18,3,2,364,2.5
Empire 12,23,2,2091,5.0
Empire 2,20,17,2356,5.0
Empire 13,24,9,2395,5.0
Empire 9,22,62,3001,4.76
Empire 3,18,2,1681,5.0
Empire 6,21,54,2915,4.840000000000001
AI Empire,47,16,3999,5.0
Empire 7,24,83,4260,0.25999999999999934
AI Empire,46,16,3876,5.0
Empire 12,22,2,2003,5.0
Empire 2,19,17,2231,5.0
Empire 18,2,2,276,2.0
Empire 6,20,53,2717,4.920000000000001
Empire 8,21,54,2674,4.98
Empire 19,2,25,388,1.96
Empire 15,24,104,3993,1.54
Empire 1,19,34,2506,5.0
Empire 9,21,57,2796,4.92
Empire 5,21,35,2589,5.0
Empire 14,21,3,1944,5.0
Empire 4,21,16,2303,5.0
Empire 16,21,9,2159,5.0
Empire 7,23,83,4010,0.7599999999999993
Empire 11,23,88,4185,0.0
AI Empire,45,16,3753,5.0
Empire 5,20,35,2425,5.0
AI Empire,44,16,3630,5.0
Empire 8,20,50,2481,5.0
Empire 19,1,25,244,1.48
Empire 13,23,9,2290,5.0
Empire 6,19,51,2523,4.960000000000001
Empire 12,21,2,1915,5.0
Empire 1,18,34,2344,5.0
Empire 5,19,33,2265,5.0
Empire 4,20,16,2180,5.0
Empire 2,18,17,2106,5.0
Empire 14,20,3,1854,5.0
Empire 16,20,9,2054,5.0
AI Empire,43,16,3507,5.0
Empire 7,22,81,3763,1.2599999999999993
Empire 14,19,3,1764,5.0
Empire 11,22,86,3930,0.3800000000000008
Empire 6,18,50,2330,4.98
Empire 8,19,46,2296,5.0
Empire 5,18,31,2109,5.0
Empire 13,22,9,2185,5.0
Empire 16,19,9,1949,5.0
Empire 2,17,17,1981,5.0
Empire 15,23,101,3713,2.04
Empire 18,1,2,188,1.5
Empire 4,19,16,2057,5.0
Empire 12,20,2,1827,5.0
Empire 1,17,34,2182,5.0
AI Empire,42,16,3384,5.0
Empire 1,16,34,2020,5.0
Empire 2,16,17,1856,5.0
Empire 10,17,27,2125,5.0
Empire 15,22,97,3440,2.54
Empire 3,17,2,1593,5.0
Empire 14,18,3,1674,5.0
AI Empire,41,16,4952,5.0
Empire 16,18,9,1844,5.0
Empire 2,15,17,1731,5.0
Empire 7,21,80,3518,1.7599999999999993
Empire 9,20,53,2598,5.0
Empire 11,21,86,3675,0.8800000000000008
AI Empire,40,16,4829,5.0
Empire 15,21,90,3178,3.04
Empire 9,19,48,2409,5.0
Empire 13,21,9,2080,5.0
Empire 2,14,17,1606,5.0
Empire 11,20,86,3420,1.3800000000000008
Empire 7,20,79,3274,2.2599999999999993
Empire 4,18,16,1934,5.0
Empire 16,17,9,1739,5.0
Empire 6,17,50,2137,5.0
AI Empire,39,16,4706,5.0
Empire 1,15,33,1860,5.0
Empire 8,18,44,2115,5.0
Empire 10,16,27,1977,5.0
Empire 16,16,9,1634,5.0
Empire 12,19,2,1739,5.0
Empire 3,16,2,1505,5.0
Empire 7,19,79,3030,2.7599999999999993
Empire 6,16,48,1948,5.0
Empire 13,20,9,1975,5.0
Empire 15,20,84,2926,3.54
Empire 9,18,48,2220,5.0
Empire 14,17,3,1584,5.0
AI Empire,38,16,4583,5.0
AI Empire,37,16,4460,5.0
Empire 1,14,32,1702,5.0
Empire 6,15,42,1770,5.0
Empire 13,19,9,1870,5.0
Empire 2,13,17,1481,5.0
Empire 8,17,40,1941,5.0
Empire 15,19,78,2684,4.04
Empire 4,17,16,1811,5.0
Empire 12,18,2,1651,5.0
Empire 7,18,78,2788,3.2599999999999993
Empire 3,15,2,1417,5.0
AI Empire,36,16,4337,5.0
Empire 1,13,30,1548,5.0
Empire 9,17,42,2042,5.0
Empire 12,17,2,1563,5.0
Empire 8,16,33,1781,5.0
Empire 11,19,85,3166,1.8800000000000008
Empire 7,17,76,2550,3.7599999999999993
Empire 15,18,74,2449,4.54
AI Empire,35,16,4214,5.0
Empire 10,15,27,1829,5.0
Empire 12,16,2,1475,5.0
AI Empire,34,16,4091,5.0
Empire 2,12,17,1356,5.0
Empire 4,16,15,1691,5.0
Empire 9,16,40,1868,5.0
AI Empire,33,16,3968,5.0
Empire 5,17,29,1957,5.0
Empire 9,15,35,1704,5.0
Empire 4,15,14,1573,5.0
Empire 14,16,3,1494,5.0
Empire 1,12,28,1398,5.0
Empire 15,17,63,2233,4.82
AI Empire,32,16,3845,5.0
Empire 13,18,9,1765,5.0
Empire 12,15,2,1387,5.0
Empire 11,18,84,2914,2.380000000000001
Empire 7,16,71,2320,4.199999999999999
Empire 5,16,27,1809,5.0
AI Empire,31,16,3722,5.0
Empire 7,15,69,2094,4.6
Empire 6,14,40,1596,5.0
AI Empire,30,16,3599,5.0
Empire 15,16,58,2026,5.0
Empire 13,17,9,1660,5.0
Empire 12,14,2,1299,5.0
AI Empire,29,16,3476,5.0
Empire 15,15,49,1835,5.0
AI Empire,28,16,3353,5.0
Empire 5,15,26,1663,5.0
Empire 3,14,2,1329,5.0
Empire 13,16,9,1555,5.0
Empire 2,11,17,1231,5.0
Empire 15,14,43,1655,5.0
Empire 8,15,29,1629,5.0
Empire 14,15,3,1404,5.0
Empire 11,17,80,2669,2.880000000000001
Empire 4,14,13,1458,5.0
AI Empire,27,16,3230,5.0
Empire 3,13,2,1241,5.0
Empire 7,14,63,1878,4.88
Empire 4,13,13,1343,5.0
Empire 10,14,26,1683,5.0
Empire 13,15,8,1452,5.0
Empire 8,14,24,1487,5.0
Empire 15,13,36,1489,5.0
Empire 11,16,77,2429,3.380000000000001
Empire 16,15,9,1529,5.0
Empire 12,13,2,1211,5.0
Empire 1,11,27,1250,5.0
Empire 5,14,24,1521,5.0
Empire 14,14,3,1314,5.0
AI Empire,26,16,3107,5.0
Empire 16,14,9,1424,5.0
AI Empire,25,16,2984,5.0
Empire 6,13,35,1432,5.0
Empire 15,12,29,1337,5.0
Empire 11,15,74,2194,3.880000000000001
Empire 13,14,7,1352,5.0
Empire 9,14,29,1552,5.0
Empire 10,13,25,1539,5.0
Empire 8,13,19,1357,5.0
AI Empire,24,16,2861,5.0
Empire 9,13,24,1410,5.0
Empire 10,12,24,1397,5.0
Empire 3,12,2,1153,5.0
AI Empire,23,16,2738,5.0
Empire 4,12,11,1233,5.0
Empire 1,10,22,1113,5.0
Empire 5,13,22,1384,5.0
Empire 10,11,23,1257,5.0
Empire 8,12,16,1234,5.0
Empire 12,12,2,1123,5.0
Empire 14,13,3,1224,5.0
Empire 16,13,9,1319,5.0
Empire 6,12,28,1282,5.0
Empire 9,12,19,1280,5.0
Empire 7,13,55,1676,5.0
Empire 13,13,7,1252,5.0
AI Empire,22,16,2615,5.0
Empire 8,11,13,1119,5.0
Empire 12,11,2,1035,5.0
Empire 7,12,44,1495,5.0
Empire 1,9,18,985,5.0
Empire 2,10,16,1108,5.0
Empire 4,11,9,1128,5.0
Empire 5,12,18,1256,5.0
Empire 11,14,72,1962,4.340000000000001
Empire 9,11,17,1155,5.0
Empire 16,12,9,1214,5.0
Empire 13,12,6,1154,5.0
Empire 3,11,2,1065,5.0
Empire 6,11,21,1147,5.0
Empire 15,11,22,1200,5.0
Empire 14,12,3,1134,5.0
Empire 10,10,21,1122,5.0
AI Empire,21,16,2492,5.0
Empire 5,11,15,1136,5.0
AI Empire,20,16,2369,5.0
AI Empire,19,16,2246,5.0
Empire 8,10,10,1011,5.0
Empire 15,10,16,1077,5.0
Empire 9,10,14,1037,5.0
Empire 11,13,68,1737,4.720000000000001
Empire 5,10,12,1023,5.0
Empire 12,10,1,950,5.0
Empire 1,8,14,867,5.0
Empire 4,10,8,1025,5.0
Empire 13,11,6,1056,5.0
Empire 16,11,9,1109,5.0
Empire 10,9,17,997,5.0
Empire 3,10,2,977,5.0
Empire 7,11,33,1335,5.0
Empire 14,11,3,1044,5.0
AI Empire,18,16,2123,5.0
Empire 16,10,8,1006,5.0
Empire 8,9,9,906,5.0
Empire 1,7,12,754,4.5
Empire 6,10,14,1029,5.0
Empire 2,9,14,990,5.0
Empire 10,8,15,877,5.0
Empire 4,9,6,927,5.0
Empire 14,10,2,956,5.0
Empire 7,10,28,1185,5.0
Empire 3,9,2,889,5.0
Empire 13,10,4,963,5.0
Empire 12,9,1,865,5.0
Empire 11,12,62,1523,4.98
Empire 15,9,12,964,5.0
AI Empire,17,16,2000,5.0
Empire 7,9,21,1050,5.0
Empire 6,9,9,924,5.0
Empire 13,9,3,873,5.0
Empire 15,8,10,856,5.0
Empire 14,9,2,868,5.0
Empire 16,9,8,903,5.0
Empire 5,9,9,918,5.0
Empire 11,11,50,1330,5.0
AI Empire,16,16,1877,5.0
AI Empire,15,16,1754,5.0
Empire 7,8,17,925,5.0
Empire 11,10,37,1162,5.0
AI Empire,14,16,1631,5.0
AI Empire,13,16,1508,5.0
Empire 12,8,1,780,5.0
AI Empire,12,16,1385,5.0
Empire 9,9,8,934,5.0
Empire 8,8,7,806,5.0
Empire 7,7,14,807,4.5
Empire 6,8,7,824,5.0
Empire 16,8,7,803,5.0
AI Empire,11,16,1262,5.0
Empire 15,7,8,753,4.5
Empire 14,8,2,780,5.0
Empire 8,7,6,708,4.5
Empire 5,8,7,818,5.0
Empire 6,7,5,729,4.5
Empire 12,7,1,695,4.5
Empire 11,9,25,1018,5.0
Empire 2,8,14,872,5.0
Empire 16,7,5,708,4.5
AI Empire,10,16,1139,5.0
Empire 13,8,3,783,5.0
Empire 14,7,1,695,4.5
Empire 2,7,13,757,4.5
AI Empire,9,16,1016,5.0
Empire 11,8,19,888,5.0
Empire 3,8,2,801,5.0
Empire 4,8,5,832,5.0
Empire 10,7,13,762,4.5
Empire 13,7,2,695,4.5
Empire 9,8,7,834,5.0
Empire 1,6,8,651,4.0
Empire 16,6,3,618,4.0
Empire 14,6,1,610,4.0
AI Empire,8,16,893,5.0
Empire 9,7,7,734,4.5
AI Empire,7,16,770,5.0
Empire 11,7,15,768,4.5
Empire 13,6,1,610,4.0
Empire 8,6,4,615,4.0
Empire 4,7,5,737,4.5
Empire 15,6,7,653,4.0
Empire 10,6,10,654,4.0
Empire 7,6,12,694,4.0
Empire 2,6,10,649,4.0
Empire 3,7,2,713,4.5
Empire 12,6,1,610,4.0
Empire 5,7,5,723,4.5
Empire 9,6,6,636,4.0
AI Empire,6,16,647,4.9999999999999964
Empire 5,6,4,630,4.0
Empire 3,6,2,625,4.0
Empire 11,6,12,655,4.0
Empire 4,6,5,642,4.0
Empire 6,6,5,634,4.0
AI Empire,5,6,549,3.5
Empire 16,5,3,528,3.5
Empire 15,5,6,555,3.5
Empire 14,5,1,525,3.5
Empire 13,5,1,525,3.5
Empire 12,5,1,525,3.5
Empire 11,5,8,552,3.5
Empire 10,5,7,554,3.5
Empire 9,5,6,538,3.5
Empire 8,5,3,525,3.5
Empire 7,5,11,584,3.5
Empire 6,5,5,539,3.5
Empire 5,5,4,537,3.5
Empire 4,5,4,549,3.5
Empire 3,5,2,537,3.5
Empire 2,5,6,551,3.5
Empire 1,5,7,551,3.5
AI Empire,4,6,451,3.0
Empire 16,4,2,440,3.0
Empire 15,4,5,460,3.0
Empire 14,4,1,440,3.0
Empire 13,4,1,440,3.0
Empire 12,4,1,440,3.0
Empire 11,4,6,454,3.0
Empire 10,4,5,459,3.0
Empire 9,4,4,445,3.0
Empire 8,4,1,440,3.0
Empire 7,4,10,476,3.0
Empire 6,4,4,446,3.0
Empire 5,4,2,449,3.0
Empire 4,4,4,456,3.0
Empire 3,4,2,449,3.0
Empire 2,4,5,456,3.0
Empire 1,4,5,456,3.0
AI Empire,3,4,358,2.5
Empire 16,3,1,355,2.5
Empire 15,3,5,365,2.5
Empire 14,3,1,355,2.5
Empire 13,3,1,355,2.5
Empire 12,3,1,355,2.5
Empire 11,3,4,361,2.5
Empire 10,3,4,366,2.5
Empire 9,3,3,355,2.5
Empire 8,3,1,355,2.5
Empire 7,3,8,373,2.5
Empire 6,3,2,358,2.5
Empire 5,3,2,361,2.5
Empire 4,3,4,363,2.5
Empire 3,3,2,361,2.5
Empire 2,3,4,363,2.5
Empire 1,3,4,363,2.5
AI Empire,2,2,270,2.0
Empire 16,2,1,270,2.0
Empire 15,2,3,275,2.0
Empire 14,2,1,270,2.0
Empire 13,2,1,270,2.0
Empire 12,2,1,270,2.0
Empire 11,2,2,273,2.0
Empire 10,2,4,273,2.0
Empire 9,2,1,270,2.0
Empire 8,2,1,270,2.0
Empire 7,2,6,275,2.0
Empire 6,2,2,270,2.0
Empire 5,2,2,273,2.0
Empire 4,2,4,270,2.0
Empire 3,2,2,273,2.0
Empire 2,2,3,273,2.0
Empire 1,2,3,273,2.0
AI Empire,1,1,185,1.5
Empire 16,1,1,185,1.5
Empire 15,1,3,185,1.5
Empire 14,1,1,185,1.5
Empire 13,1,1,185,1.5
Empire 12,1,1,185,1.5
Empire 11,1,2,185,1.5
Empire 10,1,2,185,1.5
Empire 9,1,1,185,1.5
Empire 8,1,1,185,1.5
Empire 7,1,3,185,1.5
Empire 6,1,1,185,1.5
Empire 5,1,2,185,1.5
Empire 4,1,1,185,1.5
Empire 3,1,2,185,1.5
Empire 2,1,2,185,1.5
Empire 1,1,2,185,1.5
